Instance,Best-cost
ae_5_20_ibmq-casablanca_7.wcnf,15
af-synthesis_stb_50_100_3.wcnf,104
af-synthesis_stb_50_120_3.wcnf,100
af-synthesis_stb_50_140_1.wcnf,127
af-synthesis_stb_50_140_3.wcnf,96
af-synthesis_stb_50_140_8.wcnf,113
af-synthesis_stb_50_160_5.wcnf,113
af-synthesis_stb_50_180_1.wcnf,130
af-synthesis_stb_50_20_8.wcnf,120
af-synthesis_stb_50_200_4.wcnf,105
af-synthesis_stb_50_200_5.wcnf,102
af-synthesis_stb_50_200_6.wcnf,111
af-synthesis_stb_50_40_0.wcnf,111
af-synthesis_stb_50_40_8.wcnf,117
af-synthesis_stb_50_60_3.wcnf,115
af-synthesis_stb_50_80_7.wcnf,115
af-synthesis_stb_50_80_8.wcnf,116
amazon.dimacs.wcnf,113575
ann.formula_0.8_2021_atleast_15_max-3_reduced_incomplete_adaboost_2.wcnf,161
ann.formula_0.8_2021_atleast_31_max-4_reduced_incomplete_adaboost_4.wcnf,314
ann.formula_0.8_2021_atleast_63_max-5_reduced_incomplete_adaboost_4.wcnf,255
ar-1.wcnf,25062
ar-2.wcnf,394748
ar-3.wcnf,43814
archlinux.dimacs.wcnf,11744
auc.cat_paths_60_100_0006.txt.wcnf,70929
auc.cat_paths_60_150_0007.txt.wcnf,100364
auc.cat_paths_60_170_0007.txt.wcnf,94165
auc.cat_paths_60_200_0009.txt.wcnf,157873
auc.cat_reg_60_110_0004.txt.wcnf,75602
auc.cat_reg_60_130_0001.txt.wcnf,104032
auc.cat_reg_60_160_0002.txt.wcnf,164897
auc.cat_sched_60_100_0003.txt.wcnf,34771
auc.cat_sched_60_120_0004.txt.wcnf,82385
auc.cat_sched_60_150_0001.txt.wcnf,155865
auc.cat_sched_60_150_0005.txt.wcnf,72866
auc.cat_sched_60_150_0009.txt.wcnf,58699
auc.cat_sched_60_160_0003.txt.wcnf,118883
auc.cat_sched_60_200_0005.txt.wcnf,172768
auc.cat_sched_60_80_0005.txt.wcnf,34950
auc.cat_sched_60_90_0001.txt.wcnf,82847
aus.formula_0.8_2021_atleast_127_max-6_reduced_incomplete_adaboost_3.wcnf,207
aus.formula_0.8_2021_atleast_15_max-3_reduced_incomplete_adaboost_4.wcnf,307
aus.formula_0.8_2021_atleast_31_max-4_reduced_incomplete_adaboost_4.wcnf,319
aus.formula_0.8_2021_atleast_63_max-5_reduced_incomplete_adaboost_5.wcnf,283
aus.formula_0.8_2021_atleast_63_max-5_reduced_incomplete_adaboost_6.wcnf,288
bf2030fvcons.wcnf,3271
bf2030fvslack.wcnf,245250
bn-human-BNU_1_0025865_session_1-bg.wcnf,119321020
bnn_mnist_0_label7_adversarial_norm_inf_totalizer.wcnf,1
bnn_mnist_1_label2_adversarial_norm_inf_totalizer.wcnf,1
bnn_mnist_11_label6_adversarial_norm_inf_totalizer.wcnf,1
bnn_mnist_17_label7_adversarial_norm_inf_totalizer.wcnf,1
bnn_mnist_9_label9_adversarial_norm_inf_totalizer.wcnf,1
bnn_mnist_back_image_12_label6_adversarial_norm_inf_totalizer.wcnf,91
bnn_mnist_back_image_14_label9_adversarial_norm_inf_totalizer.wcnf,1
bnn_mnist_back_image_3_label6_adversarial_norm_inf_totalizer.wcnf,87
bnn_mnist_back_image_32_label3_adversarial_norm_inf_totalizer.wcnf,2
bnn_mnist_back_image_5_label2_adversarial_norm_inf_totalizer.wcnf,3
bnn_mnist_back_image_9_label1_adversarial_norm_inf_totalizer.wcnf,44
bnn_mnist_rot_0_label6_adversarial_norm_inf_totalizer.wcnf,1
bnn_mnist_rot_1_label0_adversarial_norm_inf_totalizer.wcnf,1
bnn_mnist_rot_10_label4_adversarial_norm_inf_totalizer.wcnf,1
bnn_mnist_rot_15_label8_adversarial_norm_inf_totalizer.wcnf,1
bnn_mnist_rot_3_label2_adversarial_norm_inf_totalizer.wcnf,1
BrazilInstance1.xml.wcnf,39
BrazilInstance2.xml.wcnf,5
BrazilInstance4.xml.wcnf,55
BrazilInstance5.xml.wcnf,20
BrazilInstance6.xml.wcnf,54
BrazilInstance7.xml.wcnf,96
cap131.wcsp.wcnf,7934385
cap132.wcsp.wcnf,8514942
cap71.wcsp.wcnf,9326144
cap72.wcsp.wcnf,9777981
cap91.wcsp.wcnf,7966472
cap92.wcsp.wcnf,8547029
car.formula_0.8_2021_atleast_15_max-3_reduced_incomplete_adaboost_2.wcnf,232
causal_hailfinder_9_1000.wcnf,54962937
causal_Heart_10_212.wcnf,1453924
causal_Hepatitis_10_126.wcnf,405352
causal_insurance_9_100.wcnf,3211332
causal_Link_10_1000.wcnf,1917853
causal_Meta_7_528.wcnf,55120
causal_n5_i5_N1000_uai13_log_int.wcnf,46030289
causal_n6_i1_N10000_uai14_log_int.wcnf,1510725680
causal_n6_i2_N500_uai13_log_int.wcnf,877436991
causal_n6_i6_N1000_uai14_log_int.wcnf,126257527700
causal_n7_i10_N1000_uai14_log_int.wcnf,3246397504
causal_n7_i8_N10000_uai14_log_int.wcnf,11486104693
causal_Pigs_6_10000.wcnf,25539892
causal_Statlog_7_752.wcnf,380356
causal_Voting_7_435.wcnf,930263
causal_Water_7_380.wcnf,414473
channel-500x100x100-b050.wcnf,26535515
comp04.wcnf,35
comp05.wcnf,406
comp06.lp.sm-extracted.wcnf,14
comp06.wcnf,27
comp07.wcnf,6
comp08.lp.sm-extracted.wcnf,19
comp10.lp.sm-extracted.wcnf,2
comp15.wcnf,67
comp17.wcnf,56
CSG140-140-46.wcnf,16960
CSG140-140-6.wcnf,52385
CSG150-150-55.wcnf,27533
CSG40-40-95.wcnf,8847
CSG60-60-88.wcnf,7714
CSGNaive140-140-0.wcnf,18185
CSGNaive140-140-6.wcnf,56309
CSGNaive150-150-55.wcnf,30495
CSGNaive60-60-53.wcnf,9829
CSGNaive70-70-91.wcnf,11177
dblp.dimacs.wcnf,25014
dds4.wcnf,UNKNOWN
delaunay_n24.wcnf,229956181
dim.brock800_3.clq.wcnf,1079
dim.c-fat200-1.clq.wcnf,14
dim.c-fat500-1.clq.wcnf,10
dim.hamming10-4.clq.wcnf,1683
dim.johnson8-4-4.clq.wcnf,4154
dim.MANN_a81.clq.wcnf,1995
dim.san400_0.7_3.clq.wcnf,1201
dim.san400_0.9_1.clq.wcnf,1604
dir.1403.wcsp.dir.wcnf,459246
dir.1502.wcsp.dir.wcnf,28042
dir.1506.wcsp.dir.wcnf,354517
dir.28.wcsp.dir.wcnf,270105
dir.404.wcsp.dir.wcnf,114
dir.408.wcsp.dir.wcnf,6228
dir.5.wcsp.dir.wcnf,261
dir.507.wcsp.dir.wcnf,27390
dir.509.wcsp.dir.wcnf,36446
dir.54.wcsp.dir.wcnf,37
downcast-antlr.wcnf,76250
downcast-avrora.wcnf,46642
downcast-hsqldb.wcnf,30207
downcast-pmd.wcnf,4227
downcast-xalan.wcnf,65491
drmx-am12-outof-40-ecardn-w.wcnf,28
drmx-am12-outof-40-esortn-w.wcnf,28
drmx-am16-outof-45-emtot-w.wcnf,29
drmx-am16-outof-45-eseqc-w.wcnf,29
drmx-am20-outof-50-ekmtot-w.wcnf,30
drmx-am20-outof-50-emtot-w.wcnf,30
drmx-am20-outof-50-eseqc-w.wcnf,30
drmx-am24-outof-55-emtot-w.wcnf,31
drmx-am24-outof-55-etot-w.wcnf,31
drmx-am28-outof-60-emtot-w.wcnf,32
drmx-am28-outof-60-eseqc-w.wcnf,32
drmx-am28-outof-60-etot-w.wcnf,32
drmx-am32-outof-70-ecardn-w.wcnf,38
drmx-am32-outof-70-ekmtot-w.wcnf,38
drmx-am32-outof-70-emtot-w.wcnf,38
drmx-am32-outof-70-etot-w.wcnf,38
EA01.lp.sm-extracted.wcnf,55
eas.310-15.wcnf,30501
eas.310-24.wcnf,24752
eas.310-28.wcnf,33151
eas.310-29.wcnf,34431
eas.310-33.wcnf,35463
eas.310-43.wcnf,33138
eas.310-44.wcnf,50871
eas.310-55.wcnf,21952
eas.310-56.wcnf,46155
eas.310-74.wcnf,21867
eas.310-91.wcnf,37183
eas.310-93.wcnf,19146
eas.310-94.wcnf,26160
eas.310-95.wcnf,25854
eas.310-97.wcnf,35249
ebay.dimacs.wcnf,123941
f1-DataDisplay_0_order4.seq-A-2-1-EDCBAir.wcnf,6223203
f1-DataDisplay_0_order4.seq-A-2-2-abcdeir.wcnf,481429
f1-DataDisplay_0_order4.seq-A-2-2-irabcde.wcnf,2220415
f1-DataDisplay_0_order4.seq-A-3-1-EDCBAir.wcnf,6240245
f1-DataDisplay_0_order4.seq-A-3-1-irabcde.wcnf,5960556
f1-DataDisplay_0_order4.seq-A-3-2-irabcde.wcnf,5955300
f1-DataDisplay_0_order4.seq-B-2-2-abcdeir.wcnf,53533
f1-DataDisplay_0_order4.seq-B-2-2-irEDCBA.wcnf,2273346
f2030.wcnf,4195
f49-DC_TotalLoss.seq-A-2-1-abcdeir.wcnf,27698412327
f49-DC_TotalLoss.seq-A-2-1-irEDCBA.wcnf,14779649425
f49-DC_TotalLoss.seq-A-2-combined-irabcde.wcnf,14735114187
f49-DC_TotalLoss.seq-A-3-2-irEDCBA.wcnf,87222797189
f49-DC_TotalLoss.seq-B-2-2-abcdeir.wcnf,44321234
f49-DC_TotalLoss.seq-B-2-combined-EDCBAir.wcnf,83838199998
f49-DC_TotalLoss.seq-B-3-combined-EDCBAir.wcnf,117355113043
f49-DC_TotalLoss.seq-B-3-combined-irabcde.wcnf,87177360578
facebook1.dimacs.wcnf,45581
FinlandSecondarySchool.xml.wcnf,108
github.dimacs.wcnf,187405
graphstate_6_6_rigetti-agave_8.wcnf,6
grover-noancilla_4_52_rigetti-agave_8.wcnf,42
grover-v-chain_4_52_ibmq-casablanca_7.wcnf,27
guardian.dimacs.wcnf,160777
har.330-55.wcnf,47945
hea.formula_0.8_2021_atleast_127_max-6_reduced_incomplete_adaboost_4.wcnf,39
hea.formula_0.8_2021_atleast_31_max-4_reduced_incomplete_adaboost_4.wcnf,83
hea.formula_0.8_2021_atleast_31_max-4_reduced_incomplete_adaboost_5.wcnf,107
hea.formula_0.8_2021_atleast_63_max-5_reduced_incomplete_adaboost_5.wcnf,83
hugebubbles-00020.wcnf,521004590
inf-road-usa.wcnf,656533235
inst10.lp.sm-extracted.wcnf,105
inst2.lp.sm-extracted.wcnf,97
inst22.lp.sm-extracted.wcnf,180
instance1.wcnf,607
instance10.wcnf,5274
instance11.wcnf,3457
instance12.wcnf,4868
instance2.wcnf,828
instance3.wcnf,1002
instance4.wcnf,1726
instance5.wcnf,1196
instance6.wcnf,1992
instance7.wcnf,1086
instance8.wcnf,1524
instance9.wcnf,572
inventory_2_5.wcnf,9
inventory_2_6.wcnf,16
inventory_2_7.wcnf,18
inventory_4_6.wcnf,10
inventory_4_7.wcnf,15
inventory_4_8.wcnf,17
ItalyInstance1.xml.wcnf,12
ItalyInstance4.xml.wcnf,35
k100-14-38.rna.pre.wcnf,1953
k100-20-63.rna.pre.wcnf,2030
k100-38-60.rna.pre.wcnf,1878
k100-40-52.rna.pre.wcnf,1861
k100-73-76.rna.pre.wcnf,2008
k100-78-85.rna.pre.wcnf,1744
k50-18-30.rna.pre.wcnf,462
k50-21-38.rna.pre.wcnf,497
limits-10-10_data-1_inst-005_60m.sm-extracted.wcnf,1674983
limits-10-10_data-1_inst-010_30m.sm-extracted.wcnf,19021817
limits-10-10_data-1_inst-018_60m.sm-extracted.wcnf,4638351
limits-10-10_data-1_inst-044_30m.sm-extracted.wcnf,30028201
limits-10-10_data-1_inst-045_30m.sm-extracted.wcnf,4726335
limits-10-10_data-1_inst-048_60m.sm-extracted.wcnf,1592498
limits-10-10_data-1_inst-059_30m.sm-extracted.wcnf,16994335
limits-10-10_data-1_inst-060_60m.sm-extracted.wcnf,3688454
limits-10-10_data-1_inst-068_30m.sm-extracted.wcnf,5536663
limits-10-10_data-1_inst-122_30m.sm-extracted.wcnf,15804703
limits-10-10_data-1_inst-137_30m.sm-extracted.wcnf,16167552
limits-10-10_data-1_inst-182_30m.sm-extracted.wcnf,14625180
limits-10-10_data-2_inst-017_60m.sm-extracted.wcnf,7295683
limits-10-10_data-2_inst-030_30m.sm-extracted.wcnf,33006575
limits-10-10_data-3_inst-002_30m.sm-extracted.wcnf,24222877
limits-10-10_data-3_inst-028_60m.sm-extracted.wcnf,7231899
lisbon-wedding-1-17.wcnf,UNKNOWN
lisbon-wedding-1-18.wcnf,961
lisbon-wedding-1-19.wcnf,UNKNOWN
lisbon-wedding-10-17.wcnf,377
lisbon-wedding-10-18.wcnf,378
lisbon-wedding-10-19.wcnf,380
lisbon-wedding-2-18.wcnf,1137
lisbon-wedding-3-17.wcnf,1035
lisbon-wedding-3-18.wcnf,UNKNOWN
lisbon-wedding-4-18.wcnf,803
lisbon-wedding-5-17.wcnf,802
lisbon-wedding-5-19.wcnf,805
lisbon-wedding-7-19.wcnf,424
lisbon-wedding-8-18.wcnf,396
lisbon-wedding-8-19.wcnf,399
lisbon-wedding-9-17.wcnf,394
log.1401.wcsp.log.wcnf,459106
log.1405.wcsp.log.wcnf,459424
log.28.wcsp.log.wcnf,270105
log.408.wcsp.log.wcnf,6228
log.505.wcsp.log.wcnf,21253
log.8.wcsp.log.wcnf,2
londonist.dimacs.wcnf,70703
metro_8_8_5_20_10_6_500_1_0.lp.sm-extracted.wcnf,82
metro_8_8_5_20_10_6_500_1_7.lp.sm-extracted.wcnf,89
metro_8_8_5_20_10_6_500_1_9.lp.sm-extracted.wcnf,105
metro_9_8_7_22_10_6_500_1_1.lp.sm-extracted.wcnf,52
metro_9_8_7_22_10_6_500_1_2.lp.sm-extracted.wcnf,60
metro_9_8_7_22_10_6_500_1_3.lp.sm-extracted.wcnf,44
metro_9_8_7_30_10_6_500_1_5.lp.sm-extracted.wcnf,47
metro_9_8_7_30_10_6_500_1_6.lp.sm-extracted.wcnf,31
metro_9_8_7_30_10_6_500_1_7.lp.sm-extracted.wcnf,47
metro_9_8_7_30_10_6_500_1_8.lp.sm-extracted.wcnf,55
metro_9_9_10_35_13_7_500_2_2.lp.sm-extracted.wcnf,32
metro_9_9_10_35_13_7_500_2_6.lp.sm-extracted.wcnf,15
metro_9_9_10_35_13_7_500_2_7.lp.sm-extracted.wcnf,37
MinWidthCB_milan_100_12_1k_1s_2t_3.wcnf,109520
MinWidthCB_milan_200_12_1k_4s_1t_4.wcnf,108863
MinWidthCB_mitdbsample_100_43_1k_2s_2t_2.wcnf,38570
MinWidthCB_mitdbsample_100_64_1k_2s_1t_2.wcnf,66045
MinWidthCB_mitdbsample_200_43_1k_2s_2t_2.wcnf,50615
MinWidthCB_mitdbsample_200_64_1k_10s_2t_12.wcnf,58625
MinWidthCB_mitdbsample_200_64_1k_10s_3t_12.wcnf,54585
MinWidthCB_mitdbsample_200_64_1k_2s_1t_2.wcnf,78400
MinWidthCB_mitdbsample_200_64_1k_2s_3t_2.wcnf,73730
MinWidthCB_mitdbsample_300_26_1k_3s_2t_3.wcnf,32420
MinWidthCB_mitdbsample_300_26_1k_3s_2t_5.wcnf,30100
MinWidthCB_mitdbsample_300_26_1k_6s_1t_8.wcnf,31195
MinWidthCB_mitdbsample_300_64_1k_3s_1t_5.wcnf,79270
MinWidthCB_mitdbsample_300_64_1k_6s_1t_8.wcnf,75240
MinWidthCB_power_1000_24_1k_20s_2t_22.wcnf,75967
MinWidthCB_power_600_24_1k_6s_1t_8.wcnf,82282
MLI.ilpd_train_0_DNF_5_5.wcnf,700
mul.role_domino_multiple_0.8_5.wcnf,181758
mul.role_domino_multiple_1.0_4.wcnf,229869
mul.role_smallcomp_multiple_0.3_6.wcnf,139251
mul.role_smallcomp_multiple_0.9_7.wcnf,456398
mul.role_smallcomp_multiple_1.0_6.wcnf,295598
mul.role_university_multiple_0.1_0.wcnf,60675
openstreetmap.dimacs.wcnf,65915
pa-1.wcnf,820
pa-2.wcnf,143
pa-3.wcnf,192
pac.80cfe9a6-9b1b-11df-965e-00163e46d37a_l1.wcnf,1924238
pac.fa3d0fb2-db9e-11df-a0ec-00163e3d3b7c_l1.wcnf,4569599
pac.rand179_l1.wcnf,493118
pac.rand892_l1.wcnf,224702
pac.rand984_l1.wcnf,345082
ped2.B.recomb1-0.01-2.wcnf,7
ped2.B.recomb1-0.10-7.wcnf,588
ped2.B.recomb1-0.20-13.wcnf,7
ped2.G.recomb10-0.20-11.wcnf,50061
ped2.G.recomb10-0.20-13.wcnf,40755
ped2.G.recomb5-0.01-1.wcnf,29116
ped2.G.recomb5-0.01-3.wcnf,31442
ped2.G.recomb5-0.10-7.wcnf,25626
ped2.G.recomb5-0.10-9.wcnf,31445
ped2.G.recomb5-0.20-13.wcnf,30286
ped3.D.recomb10-0.20-12.wcnf,349
ped3.D.recomb10-0.20-14.wcnf,7
ped3.E.recomb10-0.20-13.wcnf,8559
ped3.F.recomb10-0.20-14.wcnf,5482
ped3.G.recomb10-0.20-12.wcnf,13027
polysite-avrora.wcnf,51801
polysite-hsqldb.wcnf,172382
polysite-lusearch.wcnf,421456
polysite-pmd.wcnf,188398
polysite-xalan.wcnf,114620
portfoliovqe_4_18_rigetti-agave_8.wcnf,33
power-distribution_1_2.wcnf,3
power-distribution_1_4.wcnf,3
power-distribution_1_6.wcnf,3
power-distribution_1_8.wcnf,3
power-distribution_11_6.wcnf,126
power-distribution_12_2.wcnf,216
power-distribution_12_5.wcnf,216
power-distribution_12_8.wcnf,216
power-distribution_2_2.wcnf,10
power-distribution_2_8.wcnf,10
power-distribution_3_4.wcnf,1
power-distribution_4_8.wcnf,6
power-distribution_7_6.wcnf,18
power-distribution_8_4.wcnf,40
power-distribution_8_7.wcnf,40
power-distribution_9_2.wcnf,18
pri.formula_0.8_2021_atleast_127_max-6_reduced_incomplete_adaboost_6.wcnf,189
pri.formula_0.8_2021_atleast_31_max-4_reduced_incomplete_adaboost_3.wcnf,100
qaoa_4_16_ibmq-casablanca_7.wcnf,12
qft_5_26_ibmq-casablanca_7.wcnf,15
qftentangled_4_21_ibmq-casablanca_7.wcnf,15
qftentangled_4_39_rigetti-agave_8.wcnf,18
qftentangled_5_30_ibmq-london_5.wcnf,27
qftentangled_5_48_rigetti-agave_8.wcnf,24
qgan_6_15_ibmq-casablanca_7.wcnf,24
qpeexact_5_26_ibmq-casablanca_7.wcnf,15
qwalk-v-chain_3_30_ibmq-casablanca_7.wcnf,30
qwalk-v-chain_5_102_ibmq-london_5.wcnf,81
r11.wcnf,48181889
rail2536.wcnf,689
rail4284.wcnf,1280
rail4872.wcnf,1784
rail507.wcnf,174
rail516.wcnf,182
rail582.wcnf,211
ram_k3_n14.ra1.wcnf,3025
ram_k3_n16.ra1.wcnf,7271
ram_k3_n17.ra1.wcnf,10372
ram_k4_n20.ra1.wcnf,3078
ran-scp.scp41_weighted.wcnf,429
ran-scp.scp410_weighted.wcnf,514
ran-scp.scp48_weighted.wcnf,492
ran-scp.scp49_weighted.wcnf,641
ran-scp.scp51_weighted.wcnf,253
ran-scp.scp54_weighted.wcnf,242
ran-scp.scp56_weighted.wcnf,213
ran-scp.scp58_weighted.wcnf,288
ran-scp.scp65_weighted.wcnf,161
ran-scp.scpnre5_weighted.wcnf,28
ran-scp.scpnrf1_weighted.wcnf,14
ran-scp.scpnrf4_weighted.wcnf,14
ran-scp.scpnrf5_weighted.wcnf,13
ran-scp.scpnrg3_weighted.wcnf,167
ran-scp.scpnrg4_weighted.wcnf,168
ran-scp.scpnrh5_weighted.wcnf,55
ran.max_cut_60_420_2.asc.wcnf,703
ran.max_cut_60_420_5.asc.wcnf,715
ran.max_cut_60_420_9.asc.wcnf,674
ran.max_cut_60_500_2.asc.wcnf,900
ran.max_cut_60_560_3.asc.wcnf,1054
ran.max_cut_60_560_7.asc.wcnf,1053
ran.max_cut_60_600_1.asc.wcnf,1156
ran.max_cut_60_600_9.asc.wcnf,1149
random-dif-16.rna.pre.wcnf,768
random-dif-2.rna.pre.wcnf,929
random-dif-25.rna.pre.wcnf,512
random-dif-9.rna.pre.wcnf,456
random-net-100-1_network-3.net.wcnf,91570
random-net-120-1_network-5.net.wcnf,117198
random-net-20-5_network-4.net.wcnf,19602
random-net-220-1_network-7.net.wcnf,203783
random-net-240-1_network-7.net.wcnf,219252
random-net-260-1_network-4.net.wcnf,238131
random-net-30-3_network-2.net.wcnf,27606
random-net-30-4_network-3.net.wcnf,24925
random-net-40-2_network-8.net.wcnf,38289
random-net-40-2_network-9.net.wcnf,35951
random-net-40-3_network-5.net.wcnf,35488
random-net-40-4_network-2.net.wcnf,36427
random-net-50-3_network-5.net.wcnf,41356
random-net-50-4_network-8.net.wcnf,43243
random-net-50-5_network-8.net.wcnf,46708
random-net-60-3_network-3.net.wcnf,50929
random-same-12.rna.pre.wcnf,597
random-same-19.rna.pre.wcnf,337
random-same-25.rna.pre.wcnf,224
random-same-5.rna.pre.wcnf,456
rc-2.wcnf,5722
rc-3.wcnf,5722
realamprandom_4_72_rigetti-agave_8.wcnf,36
rgg_n_2_24_s0.wcnf,34467385
role_domino_0.05_15.wcnf,25082
role_domino_0.1_18.wcnf,42049
role_domino_0.1_3.wcnf,42464
role_domino_0.3_15.wcnf,101449
role_domino_0.6_2.wcnf,169308
role_domino_0.9_0.wcnf,199498
role_smallcomp_0.7_11.wcnf,333834
role_smallcomp_0.75_8.wcnf,348219
role_smallcomp_0.85_4.wcnf,369639
role_smallcomp_0.85_7.wcnf,369639
role_university_0.15_8.wcnf,98246
role_university_0.25_3.wcnf,142304
role_university_0.25_8.wcnf,139179
role_university_0.5_3.wcnf,207903
role_university_0.75_7.wcnf,212493
role_university_1.0_2.wcnf,207160
Rounded_BTWBNSL_adult15N_TWBound_2.wcnf,35193743264
Rounded_BTWBNSL_asia_100_1_3.scores_TWBound_2.wcnf,24564427
Rounded_BTWBNSL_asia_100_1_3.scores_TWBound_3.wcnf,24564427
Rounded_BTWBNSL_asia_10000_1_3.scores_TWBound_2.wcnf,2247208255
Rounded_BTWBNSL_Flag.BIC_TWBound_4.wcnf,275431681
Rounded_BTWBNSL_hailfinder_100_1_3.scores_TWBound_2.wcnf,602126938
Rounded_BTWBNSL_hailfinder_100_1_3.scores_TWBound_3.wcnf,601946991
Rounded_BTWBNSL_hailfinder_10000_1_3.scores_TWBound_4.wcnf,49927755584
Rounded_BTWBNSL_Heart.BIC_TWBound_2.wcnf,239742296
Rounded_BTWBNSL_Housing_TWBound_2.wcnf,330364683
Rounded_BTWBNSL_insurance_100_1_3.scores_TWBound_2.wcnf,170760179
Rounded_BTWBNSL_insurance_1000_1_3.scores_TWBound_2.wcnf,1389279780
Rounded_BTWBNSL_insurance_1000_1_3.scores_TWBound_3.wcnf,1388734978
Rounded_BTWBNSL_insurance_1000_1_3.scores_TWBound_4.wcnf,1388734978
Rounded_BTWBNSL_Voting_TWBound_4.wcnf,464263033
Rounded_BTWBNSL_Water_1000_1_2.scores_TWBound_4.wcnf,1326306453
Rounded_CorrelationClustering_Ecoli_BINARY_N240_D0.200.wcnf,17428696
Rounded_CorrelationClustering_Ionosphere_BINARY_N200_D0.200.wcnf,4604640
Rounded_CorrelationClustering_Ionosphere_BINARY_N280_D0.200.wcnf,7196920
Rounded_CorrelationClustering_Orl_BINARY_N320_D0.200.wcnf,4429109
Rounded_CorrelationClustering_Protein1_BINARY_N360.wcnf,27536228
Rounded_CorrelationClustering_Protein2_BINARY_N220.wcnf,13727551
Rounded_CorrelationClustering_Protein2_BINARY_N380.wcnf,36725121
Rounded_CorrelationClustering_Protein2_BINARY_N400.wcnf,39856439
Rounded_CorrelationClustering_Protein2_TRANSITIVE_N200.wcnf,12682853
Rounded_CorrelationClustering_Protein2_UNARY_N100.wcnf,3913145
Rounded_CorrelationClustering_Protein3_TRANSITIVE_N200.wcnf,12826525
Rounded_CorrelationClustering_Protein3_TRANSITIVE_N240.wcnf,15173042
Rounded_CorrelationClustering_Protein3_TRANSITIVE_N280.wcnf,19642136
Rounded_CorrelationClustering_Protein4_TRANSITIVE_N230.wcnf,5567863
Rounded_CorrelationClustering_Protein4_UNARY_N230.wcnf,5567863
Rounded_CorrelationClustering_Protein4_UNARY_N250.wcnf,7581560
sc-rel9.wcnf,11255538
simNo_1-s_15-m_50-n_50-fp_0.0001-fn_0.20.wcnf,11501657324586
simNo_1-s_5-m_100-n_500-fp_0.0001-fn_0.05.wcnf,600282750277737
simNo_10-s_15-m_100-n_100-fp_0.0001-fn_0.20.wcnf,82981983123459
simNo_10-s_15-m_100-n_50-fp_0.01-fn_0.20.wcnf,84803002848794
simNo_2-s_5-m_100-n_100-fp_0.0001-fn_0.05.wcnf,99635408482313
simNo_2-s_5-m_100-n_500-fp_0.01-fn_0.05.wcnf,877214109995358
simNo_3-s_5-m_50-n_50-fp_0.0001-fn_0.05.wcnf,18938961942919
simNo_5-s_15-m_100-n_100-fp_0.0001-fn_0.20.wcnf,113321765415159
simNo_5-s_15-m_100-n_500-fp_0.0001-fn_0.05.wcnf,333774338659545
simNo_6-s_15-m_100-n_50-fp_0.01-fn_0.05.wcnf,60142712649443
simNo_6-s_5-m_100-n_50-fp_0.01-fn_0.05.wcnf,90981027155327
simNo_7-s_5-m_100-n_100-fp_0.0001-fn_0.20.wcnf,311429490634944
simNo_8-s_5-m_100-n_100-fp_0.0001-fn_0.05.wcnf,74156301822200
simNo_8-s_5-m_100-n_100-fp_0.0001-fn_0.20.wcnf,166147813008927
simNo_9-s_5-m_100-n_100-fp_0.0001-fn_0.05.wcnf,131749300472480
simNo_9-s_5-m_300-n_300-fp_0.0001-fn_0.20.wcnf,1440148752519381
soc-livejournal-user-groups.wcnf,86146884
socfb-uci-uni.wcnf,UNKNOWN
su2random_4_18_ibmq-casablanca_7.wcnf,24
su2random_5_30_ibmq-london_5.wcnf,51
SwitchingActivityMaximization_OpenRISC1200_100.wcnf,22
SwitchingActivityMaximization_OpenRISC1200_150.wcnf,74
SwitchingActivityMaximization_OpenRISC1200_200.wcnf,89
SwitchingActivityMaximization_OpenRISC1200_66.wcnf,2
SwitchingActivityMaximization_OpenRISC1200_70.wcnf,6
SwitchingActivityMaximization_OpenRISC1200_74.wcnf,10
SwitchingActivityMaximization_OpenRISC1200_80.wcnf,16
SwitchingActivityMaximization_OpenRISC1200_90.wcnf,16
tcp_students_105_it_13.wcnf,3360
tcp_students_105_it_15.wcnf,3258
tcp_students_105_it_7.wcnf,3024
tcp_students_112_it_1.wcnf,3513
tcp_students_112_it_15.wcnf,3585
tcp_students_112_it_3.wcnf,2916
tcp_students_112_it_5.wcnf,3366
tcp_students_112_it_7.wcnf,3513
tcp_students_91_it_13.wcnf,2730
tcp_students_91_it_2.wcnf,3024
tcp_students_91_it_3.wcnf,2430
tcp_students_91_it_6.wcnf,2877
tcp_students_91_it_7.wcnf,2505
tcp_students_98_it_12.wcnf,2994
tcp_students_98_it_8.wcnf,2727
tcp_students_98_it_9.wcnf,2469
test1--n-5000.wcnf,20
test18--n-5000.wcnf,22
test2--n-5000.wcnf,3
test2.wcnf,16
test25--n-10000.wcnf,4
test34--n-10000.wcnf,3
test4.wcnf,176
test41--n-15000.wcnf,5
test42--n-15000.wcnf,2
test5--n-5000.wcnf,2
test53--n-15000.wcnf,10
test54--n-15000.wcnf,45
test66--n-20000.wcnf,1
test67--n-20000.wcnf,1
test70--n-20000.wcnf,5
test75--n-20000.wcnf,5
test9--n-5000.wcnf,2
tic.formula_0.8_2021_atleast_15_max-3_reduced_incomplete_adaboost_6.wcnf,496
Udine2.lp.sm-extracted.wcnf,4
up-.mancoosi-test-i10d0u98-11.wcnf,1780771
up-.mancoosi-test-i10d0u98-16.wcnf,1780806
up-.mancoosi-test-i20d0u98-9.wcnf,1780788
up-.mancoosi-test-i30d0u98-3.wcnf,1780860
up-.mancoosi-test-i40d0u98-17.wcnf,1780852
up-.mancoosi-test-i40d0u98-7.wcnf,1780807
vio.role_domino_violations_0.15_9.wcnf,56981
vio.role_domino_violations_0.25_14.wcnf,85414
vio.role_domino_violations_0.25_3.wcnf,86233
vio.role_domino_violations_0.7_16.wcnf,183193
vio.role_domino_violations_0.7_3.wcnf,181223
vio.role_domino_violations_0.75_2.wcnf,186842
vio.role_firewall_violations_1_0.95_0.wcnf,855263
vio.role_smallcomp_violations_0.3_3.wcnf,185080
vio.role_smallcomp_violations_0.45_8.wcnf,244141
vio.role_university_violations_0.2_7.wcnf,120955
vqe_4_12_ibmq-casablanca_7.wcnf,15
vqe_5_20_ibmq-london_5.wcnf,33
warehouse0.wcsp.wcnf,328
warehouse1.wcsp.wcnf,730567
wcn.adult_train_3_DNF_1_5.wcnf,24254
wcn.heart_train_2_CNF_5_10.wcnf,240
wcn.heart_train_6_DNF_5_5.wcnf,121
wcn.ilpd_test_8_CNF_4_20.wcnf,287
wcn.ionosphere_train_5_DNF_2_10.wcnf,47
wcn.parkinsons_test_5_CNF_2_10.wcnf,58
wcn.pima_test_3_CNF_1_5.wcnf,125
wcn.tictactoe_test_8_CNF_2_20.wcnf,346
wcn.titanic_test_7_CNF_5_20.wcnf,557
wcn.titanic_test_8_DNF_1_20.wcnf,449
wcn.titanic_train_7_CNF_5_15.wcnf,3262
wcn.titanic_train_8_CNF_5_10.wcnf,2201
wcn.transfusion_test_7_DNF_3_5.wcnf,96
wcn.transfusion_train_2_CNF_5_10.wcnf,1600
wcn.transfusion_train_3_CNF_3_15.wcnf,2400
WCNF_pathways_p01.wcnf,2
WCNF_pathways_p03.wcnf,30
WCNF_pathways_p05.wcnf,60
WCNF_pathways_p06.wcnf,64
WCNF_pathways_p08.wcnf,182
WCNF_pathways_p09.wcnf,157
WCNF_pathways_p10.wcnf,129
WCNF_pathways_p12.wcnf,188
WCNF_pathways_p14.wcnf,207
WCNF_pathways_p16.wcnf,257
WCNF_storage_p02.wcnf,5
WCNF_storage_p06.wcnf,173
web-wikipedia2009.wcnf,26809801
wei.MultiDay_2_weighted.wcnf,464813
wei.MultiDay_3_weighted.wcnf,1057087
wei.MultiDay_4_weighted.wcnf,2021936
wei.SingleDay_15_weighted.wcnf,3638476
wei.SingleDay_3_weighted.wcnf,35439
wei.SingleDay_37_weighted.wcnf,44432889
wei.Subnetwork_7_weighted.wcnf,43213
wei.Subnetwork_9_weighted.wcnf,82813
wg2.wcnf,78
wikipedia.dimacs.wcnf,42676
wpm.mancoosi-test-i1000d0u98-15.wcnf,92031744
wpm.mancoosi-test-i2000d0u98-25.wcnf,332548069
wpm.mancoosi-test-i3000d0u98-50.wcnf,422725765
wpm.mancoosi-test-i3000d0u98-70.wcnf,512958012
wpm.mancoosi-test-i4000d0u98-76.wcnf,738411504
youtube.dimacs.wcnf,227167
