Name,wmaxcdcl-openwbo1200,maxcdcl-openwbo300,UWrMaxSat-SCIP-MaxPre,EvalMaxSAT-SBVA,maxcdcl,EvalMaxSAT-SBVA-saveCores,EvalMaxSAT-SBVA,CASHWMaxSAT-DisjCom-S15,wmaxcdcl,CASHWMaxSAT-DisjCom-S18,CASHWMaxSAT-DisjCad-S15,CASHWMaxSAT-DisjCad-S18,Pacose,PacoseMP2,Exact,VBS
c-inference-pre-processing_c_inference_50_56_fq1.wcnf,0.011,0.0111,0.007,194.696,0.0051,194.832,194.659,0.012,0.0062,0.0121,0.0146,0.0146,0.0041,0.004,0.0066,0.004
c-inference-pre-processing_c_inference_50_56_vq12.wcnf,0.011,0.011,0.007,194.332,0.0057,194.221,194.59,0.0121,0.0073,0.0122,0.0149,0.0149,0.0042,0.0039,0.0066,0.0039
c-inference-pre-processing_c_inference_50_64_v38.wcnf,0.0107,0.0106,0.0067,196.056,0.0043,196.128,196.093,0.0108,0.0052,0.011,0.013,0.0131,0.004,0.0036,0.006,0.0036
c-inference-pre-processing_c_inference_50_65_vq16.wcnf,0.0106,0.0105,0.0065,197.544,0.0041,197.554,197.57,0.0111,0.0048,0.0107,0.0129,0.0127,0.0039,0.0036,0.0058,0.0036
c-inference-pre-processing_c_inference_60_0_fq16.wcnf,0.0109,0.011,0.0069,193.112,0.0053,193.074,193.112,0.0124,0.0063,0.0123,0.015,0.015,0.0037,0.004,0.0072,0.0037
c-inference-pre-processing_c_inference_60_56_fq5.wcnf,0.011,0.011,0.0074,192.28,0.0061,192.268,192.205,0.0132,0.0078,0.0134,0.0166,0.0167,0.0045,0.004,0.0075,0.004
c-inference-pre-processing_c_inference_60_57_fq6.wcnf,0.011,0.0111,0.0073,192.939,0.0061,193.046,193.001,0.0132,0.0075,0.0133,0.0165,0.0162,0.0044,0.004,0.0075,0.004
c-inference-pre-processing_c_inference_60_59_v50.wcnf,0.011,0.011,0.0073,192.451,0.0055,192.567,192.444,0.0134,0.0069,0.0131,0.0163,0.0163,0.0045,0.0041,0.0075,0.0041
c-inference-pre-processing_c_inference_60_61_vq11.wcnf,0.011,0.0109,0.0074,191.688,0.0058,191.793,191.702,0.0137,0.007,0.0136,0.0165,0.0166,0.0041,0.0041,0.0076,0.0041
c-inference-pre-processing_c_inference_60_63_vq12.wcnf,0.0106,0.0106,0.0068,194.957,0.0049,195.542,195.105,0.0117,0.0057,0.0116,0.0143,0.0139,0.0036,0.0038,0.0063,0.0036
c-inference-pre-processing_c_inference_60_66_fq5.wcnf,0.0109,0.0111,0.0071,194.004,0.0058,194.052,193.904,0.0124,0.0074,0.0125,0.015,0.0148,0.0037,0.0043,0.0068,0.0037
c-inference-pre-processing_c_inference_60_90_fq20.wcnf,0.0112,0.0111,0.0145,191.417,0.0057,191.279,191.245,0.0159,0.0069,0.0159,0.0167,0.0167,0.0046,0.0042,0.0079,0.0042
c-inference-pre-processing_c_inference_70_96_f37.wcnf,0.0115,0.0115,0.0082,190.304,0.0074,190.233,190.187,0.0157,0.0096,0.0157,0.0192,0.0191,0.0041,0.0044,0.0084,0.0041
c-inference-pre-processing_c_inference_70_97_fq1.wcnf,0.0113,0.0113,0.008,190.239,0.0069,190.159,190.127,0.0155,0.0147,0.0155,0.0187,0.0188,0.0041,0.0043,0.0083,0.0041
c-inference-pre-processing_c_inference_70_99_vq20.wcnf,0.0113,0.0112,0.0077,191.043,0.0073,190.986,191.048,0.0145,0.0093,0.0145,0.0175,0.0174,0.004,0.0043,0.008,0.004
c-inference-pre-processing_c_inference_80_0_fq16.wcnf,0.0114,0.0115,0.0078,191.086,0.0073,190.99,191.1,0.0142,0.0089,0.0142,0.018,0.0181,0.0048,0.0043,0.0082,0.0043
c-inference-pre-processing_c_inference_80_1_fq10.wcnf,0.0118,0.0116,0.008,190.004,0.0078,189.984,189.884,0.0164,0.0098,0.0163,0.0201,0.02,0.0051,0.0045,0.0088,0.0045
c-inference-pre-processing_c_inference_90_36_vq15.wcnf,0.0118,0.0119,0.0089,188.934,0.0093,188.863,188.914,0.017,0.0115,0.0171,0.0215,0.0215,0.0054,0.0047,0.0092,0.0047
causal-discovery-causal_n5_i2_N500_uai13_harddeps_int.wcnf,35.0647,35.1791,2.822,415.454,15.1287,423.288,423.23,1504.19,39.6525,1804.3,1506.44,1806.42,5.4673,11.533,16.162,5.4673
causal-discovery-causal_n5_i4_N500_uai13_harddeps_int.wcnf,80.3783,80.0848,2.8609,415.005,16.7431,423.253,423.543,1504.78,38.6705,1804.44,1506.33,2035.16,4.6902,11.4098,16.6887,4.6902
causal-discovery-causal_n5_i5_N10000_uai13_constant_int.wcnf,39.1293,39.1009,3.4093,438.832,14.8496,445.449,445.558,1505.04,34.4214,1804.99,1511.46,1811.34,6.5593,13.442,47.9211,6.5593
causal-discovery-causal_n5_i7_N1000_uai13_harddeps_int.wcnf,216.375,215.407,5.0822,446.428,26.5413,452.712,451.704,1508.82,45.4154,1808.92,1516.2,1860.82,11.7193,16.2965,184.742,11.7193
causal-discovery-causal_n5_i8_N10000_uai13_harddeps_int.wcnf,158.547,158.648,5.8101,455.995,20.322,449.501,462.333,1508.18,42.9312,1808.18,1517.45,1817.56,11.2067,15.907,133.784,11.2067
causal-discovery-causal_n6_i1_N500_uai13_harddeps_int.wcnf,1936.4,763.13,113.277,685.953,464.783,759.457,748.459,206.05,731.056,205.96,642.108,643.968,147.66,194.185,FAILED,147.66
causal-discovery-causal_n6_i4_N500_uai14_constant_int.wcnf,23.4122,24.0012,2.036,440.901,8.1431,459.404,461.936,1501.47,8.3018,1801.35,1505.6,1804.41,5.0567,10.2712,77.1887,5.0567
causal-discovery-causal_n6_i5_N10000_uai13_harddeps_int.wcnf,10.1682,10.0642,23.8282,130.067,113.69,204.888,206.799,58.6123,284.782,58.5408,130.046,120.452,46.1346,118.743,37.1742,37.1742
causal-discovery-causal_n6_i7_N1000_uai14_harddeps_int.wcnf,26.9082,26.8595,1.6568,452.429,6.451,463.698,457.34,1501.91,13.3022,1801.8,1505.41,1805.39,4.6904,7.9256,207.284,4.6904
causal-discovery-causal_n6_i8_N1000_uai14_constant_int.wcnf,7.5384,7.5408,0.7915,446.612,2.8972,465.234,451.877,1500.91,4.0298,1800.88,1503.27,1803.23,2.9591,6.8487,116.891,2.9591
causal-discovery-causal_n6_i9_N1000_uai14_constant_int.wcnf,28.174,28.2552,15.8413,560.383,20.0085,548.593,548.223,1509.86,45.7621,1809.71,1542.4,1841.06,21.8875,24.7303,345.439,21.8875
causal-discovery-causal_n6_i9_N10000_uai14_constant_int.wcnf,19.8398,19.9573,9.3743,527.37,17.4061,542.245,550.353,1507.02,46.9015,1807.02,1589.95,1889.8,16.9575,25.8496,236.768,16.9575
causal-discovery-causal_n7_i8_N1000_uai14_constant_int.wcnf,10.9874,21.9186,1.7052,447.356,2.7219,466.722,454.602,1501.86,3.7314,1801.86,1507.3,1807.15,6.0498,6.9995,2.0812,2.0812
causal-discovery-causal_n7_i8_N10000_uai14_constant_int.wcnf,24.5455,24.7513,1.5954,461.452,2.8174,469.645,467.022,1502.79,3.1301,1802.08,1507.09,1807.01,5.908,7.0085,3.6858,3.1301
causal-discovery-causal_n7_i9_N500_uai14_constant_int.wcnf,52.4938,52.2442,4.9471,711.19,259.907,731.535,743.73,1511.96,365.651,1811.55,1592.92,1892.88,68.0771,51.2731,FAILED,51.2731
CircuitDebuggingProblems-ac97_ctrl-debug.dimacs.wcnf,0.4956,0.4962,3.6954,22.5631,1.8648,53.5624,53.5199,1.8921,3.3678,0.9981,1.0507,1.0528,51.315,FAILED,4.0149,0.9981
CircuitDebuggingProblems-divider-debug.dimacs.wcnf,1.9948,1.9863,27.2279,63.6164,6.4422,462.255,468.495,3.8468,157.317,3.8405,4.5077,4.5219,113.158,FAILED,23.0621,3.8405
CircuitDebuggingProblems-mem_ctrl-debug.dimacs.wcnf,1.7383,1.7366,18.1288,43.4471,6.25,303.712,307.983,3.02,143.534,3.0183,3.5217,3.5183,FAILED,FAILED,15.2336,3.0183
CircuitDebuggingProblems-mrisc-debug.dimacs.wcnf,3.9868,3.9505,75.0534,203.824,30.7447,FAILED,FAILED,10.5236,1511.85,10.5382,18.2351,18.2365,FAILED,FAILED,53.2072,10.5236
CircuitDebuggingProblems-rsdecoder-debug.dimacs.wcnf,4.2567,4.2777,188.555,176.606,701.762,FAILED,FAILED,85.7076,97.737,85.5243,57.0811,57.0057,FAILED,FAILED,116.748,57.0057
CircuitDebuggingProblems-spi-debug.dimacs.wcnf,7.9176,7.9267,341.814,329.886,127.007,FAILED,FAILED,50.5573,56.7772,50.5235,28.2727,28.2399,FAILED,FAILED,93.4404,28.2399
CircuitDebuggingProblems-sudoku-debug.dimacs.wcnf,3.281,3.2872,70.1082,200.95,18.4022,FAILED,FAILED,9.8493,112.66,9.8347,20.2717,20.2581,FAILED,FAILED,66.0628,9.8347
CircuitDebuggingProblems-vga-debug.dimacs.wcnf,2.4524,2.4384,10.9125,56.0879,51.0814,599.057,628.741,4.1082,FAILED,4.1105,4.4068,4.4233,177.004,FAILED,51.4145,4.1082
CircuitDebuggingProblems-wb-debug.dimacs.wcnf,4.234,4.2335,7.3932,534.282,24.8118,1043.6,1039.6,7.5485,286.552,7.5593,12.948,12.9906,FAILED,FAILED,92.2361,7.5485
CircuitTraceCompaction-ctrl.wcnf,0.6201,0.6203,0.169,135.822,0.0995,141.132,141.316,16.6221,0.5526,16.636,68.2721,68.0551,0.1572,6.9808,1.3718,0.1572
CircuitTraceCompaction-mrisc_mem2wire.wcnf,314.872,339.48,59.3297,195.702,38.5363,152.241,152.249,1523.44,58.9336,1823.46,25.6027,25.7554,28.192,21.6754,264.893,21.6754
CircuitTraceCompaction-spi.wcnf,15.4923,15.6654,41.3903,37.8991,11.2656,41.4774,40.3874,1503.7,15.92,1803.67,5.1322,5.1426,4.2825,8.9911,42.6041,4.2825
CircuitTraceCompaction-sudoku.wcnf,21.5263,21.6028,14.1042,93.7532,5.1098,126.602,132.483,1506.31,9.0711,1806.26,25.7507,25.6173,7.7636,38.3911,53.4105,7.7636
close_solutions-SAT_RACE06__velev-pipe-sat-1.0-b9.cnf.wcnf.8.wcnf,15.9537,15.8568,163.014,704.62,48.4252,1181.07,1082.22,74.8001,FAILED,74.8428,FAILED,FAILED,33.2148,306.406,326.037,33.2148
close_solutions-SAT02__industrial__goldberg__fpga_routing__vda_gr_rcs_w9.shuffled.cnf.wcnf.8.wcnf,2.9028,2.916,1.1195,22.1951,0.6898,23.9269,23.9749,6.8059,0.3994,6.7837,6.8392,6.8006,0.1806,1.4547,0.418,0.1806
close_solutions-SAT04__industrial__velev__pipe-sat-1-1__12pipe_bug4_q0.used-as.sat04-723.cnf.wcnf.8.wcnf,13.6694,13.6492,234.796,970.949,55.8783,1194.04,1156.04,175.025,601.461,175.122,FAILED,FAILED,56.0502,84.3508,33.2761,33.2761
close_solutions-SAT04__industrial__velev__pipe-sat-1-1__12pipe_bug6_q0.used-as.sat04-725.cnf.wcnf.3.wcnf,10.5631,10.5571,230.415,1086.37,80.7852,1321.07,1247.5,175.279,1124.39,176.845,FAILED,FAILED,146.525,105.135,66.4283,66.4283
close_solutions-SAT07__industrial__vliw_sat_4.0__9vliw_m_9stages_iq3_C1_bug6.cnf.wcnf.4.wcnf,396.373,352.103,215.066,609.115,51.9874,880.371,801.41,91.5774,FAILED,91.5634,967.382,967.304,50.8243,349.141,67.4027,50.8243
close_solutions-SAT11__application__fuhs__AProVE11__AProVE11-16.cnf.wcnf.1.wcnf,234.983,235.631,84.2067,1410.88,240.816,1575.11,1420.2,1458.06,466.048,1463.38,1570.88,1870.46,243.638,202.179,153.342,153.342
close_solutions-SAT11__application__jarvisalo__AAAI2010-SATPlanning__aaai10-planning-ipc5-pipesworld-12-step16.cnf.wcnf.2.wcnf,85.388,85.3995,54.5104,487.249,8.2623,389.231,388.928,45.6281,1030.1,45.5396,122.896,123.594,1.4905,52.0491,4.8961,1.4905
close_solutions-SAT11__application__jarvisalo__AAAI2010-SATPlanning__aaai10-planning-ipc5-pipesworld-18-step16.cnf.wcnf.4.wcnf,87.7651,88.027,48.2048,97.3246,13.7582,269.08,270.137,29.7517,FAILED,29.7969,144.215,145.306,37.175,282.735,12.5913,12.5913
close_solutions-SAT11__application__jarvisalo__smtqfbv-aigs__smtlib-qfbv-aigs-bin_libsmbsharemodes_vc5759-tseitin.cnf.wcnf.2.wcnf,114.344,114.859,28.3388,453.175,8.8781,539.279,461.106,35.9358,198.777,35.9693,339.353,340.352,10.2769,62.9258,19.0857,10.2769
close_solutions-SAT11__application__jarvisalo__smtqfbv-aigs__smtlib-qfbv-aigs-rfunit_flat-64-tseitin.cnf.wcnf.8.wcnf,16.482,16.4261,41.2963,258.361,8.3409,261.23,261.964,7.0561,67.8421,7.0526,18.9014,18.8792,21.6169,34.1707,7.7768,7.0526
close_solutions-SAT11__application__leberre__2dimensionalstrippacking__E05F18.cnf.wcnf.9.wcnf,90.7236,316.998,25.1579,1042.93,44.6933,1149.11,1037.63,1550.43,32.0107,1849.98,2246.12,2547.68,44.5933,63.9115,FAILED,32.0107
close_solutions-SAT11__application__manthey__traffic__traffic_3_uc_sat.cnf.wcnf.3.wcnf,150.792,149.038,266.396,400.857,15.8367,421.925,426.861,64.7648,204.917,64.5089,548.572,547.967,4.6707,130.75,7.0652,4.6707
close_solutions-SAT11__application__rintanen__SATPlanning__openstacks-sequencedstrips-nonadl-nonnegated-os-sequencedstrips-p30_3.085-SAT.cnf.wcnf.1.wcnf,2.9961,2.9853,76.8953,1980.13,8.2284,2205.18,2216.91,289.894,FAILED,288.955,FAILED,FAILED,90.8241,386.903,13.6546,13.6546
close_solutions-teams16_l6a.cnf.wcnf,12.628,12.5361,1.2907,20.246,0.2654,43.7789,43.6975,5.7414,1.399,5.736,7.2287,7.1918,0.9274,3.7603,0.4716,0.4716
close_solutions-teams20_l5a.cnf.wcnf,39.2586,39.4841,11.1439,136.287,0.6998,250.125,250.613,99.5134,3.1693,99.8199,265.006,266.172,3.8022,6.7516,62.5108,3.1693
ConsistentQueryAnswering-real-2.wcnf,5.0824,5.0598,3.9163,13.4151,1.4573,28.3473,28.2293,1.9479,1.4735,1.9494,1.5316,1.5399,1.056,5.2225,559.848,1.056
ConsistentQueryAnswering-real-6.wcnf,1.2876,1.2914,76.6834,17.9429,1.6232,78.5493,78.2644,2.4905,1.6889,2.4838,2.1161,2.1231,1.3916,30.7479,557.111,1.3916
ConsistentQueryAnswering-synthetic-10.wcnf,0.1108,0.1113,0.2333,182.274,0.0859,192.543,192.59,0.1273,0.096,0.1274,0.4023,0.4021,3.3109,0.1901,0.3214,0.096
ConsistentQueryAnswering-synthetic-12.wcnf,0.1572,0.1573,0.2581,183.34,0.1306,205.081,205.074,0.1991,0.1471,0.1984,0.565,0.5652,5.4212,0.2935,0.5113,0.1471
ConsistentQueryAnswering-synthetic-13.wcnf,0.0602,0.0603,0.0848,180.206,0.0401,182.559,182.554,0.06,0.0466,0.0597,0.1936,0.194,0.4212,1.3836,0.1573,0.0466
ConsistentQueryAnswering-synthetic-15.wcnf,0.0239,0.0238,0.0245,180.016,0.012,180.187,180.18,0.0199,0.0136,0.02,0.0573,0.0573,0.0565,0.022,0.0403,0.0136
ConsistentQueryAnswering-synthetic-18.wcnf,0.1397,0.1388,0.1957,181.776,0.0882,190.776,190.774,0.1394,0.0965,0.1389,0.5171,0.5186,3.5603,1.3343,8.1629,0.0965
ConsistentQueryAnswering-synthetic-2.wcnf,0.0754,0.076,0.0966,181.346,0.0513,185.422,185.417,0.0765,0.0573,0.0773,0.274,0.2754,1.8907,0.1024,0.2142,0.0573
ConsistentQueryAnswering-synthetic-20.wcnf,0.307,0.3063,0.0954,180.628,0.0409,182.629,182.59,0.0579,0.0436,0.0584,0.2183,0.218,0.6682,3.7106,2.2858,0.0436
ConsistentQueryAnswering-synthetic-21.wcnf,2.5135,2.5345,0.3338,184.821,0.1395,205.963,205.879,0.2044,0.1541,0.2049,0.7409,0.7429,8.2234,6.0584,29.6587,0.1541
ConsistentQueryAnswering-synthetic-3.wcnf,0.047,0.0473,0.0554,180.118,0.0236,180.848,180.85,0.0361,0.026,0.0363,0.1335,0.1328,0.2469,1.1167,0.7184,0.026
ConsistentQueryAnswering-synthetic-5.wcnf,0.0347,0.0346,0.0386,180.053,0.0145,180.282,180.286,0.0236,0.016,0.0234,0.0924,0.0922,0.129,1.0921,0.363,0.016
ConsistentQueryAnswering-synthetic-6.wcnf,0.036,0.0362,0.0433,180.051,0.0208,180.657,180.667,0.0332,0.0233,0.0333,0.0956,0.0961,0.1311,0.0406,0.0777,0.0233
ConsistentQueryAnswering-synthetic-7.wcnf,0.037,0.0372,0.0453,180.065,0.0224,180.707,180.727,0.0348,0.0252,0.0349,0.1024,0.1027,0.1418,0.0423,0.0917,0.0252
ConsistentQueryAnswering-synthetic-8.wcnf,0.0623,0.0626,0.0832,180.551,0.0427,182.915,182.928,0.0647,0.0476,0.0646,0.2216,0.2197,0.7299,0.0801,0.1568,0.0476
decision-tree-australian-credit-un-formula_0.8_2021_atleast_127_max-6_reduced_incomplete_tree.wcnf,FAILED,FAILED,FAILED,FAILED,FAILED,FAILED,FAILED,FAILED,FAILED,FAILED,FAILED,FAILED,FAILED,FAILED,FAILED,FAILED
decision-tree-australian-credit-un-formula_0.8_2021_atleast_63_max-5_reduced_incomplete_tree.wcnf,FAILED,FAILED,FAILED,FAILED,FAILED,FAILED,FAILED,FAILED,FAILED,FAILED,FAILED,FAILED,FAILED,FAILED,FAILED,FAILED
decision-tree-car-un-formula_0.8_2021_atleast_15_max-3_reduced_incomplete_tree.wcnf,2400.95,853.09,FAILED,FAILED,551.905,FAILED,FAILED,FAILED,1395.4,FAILED,FAILED,FAILED,198.516,371.223,FAILED,198.516
decision-tree-hypothyroid-un-formula_0.8_2021_atleast_127_max-6_reduced_incomplete_tree.wcnf,FAILED,FAILED,FAILED,FAILED,FAILED,FAILED,FAILED,FAILED,FAILED,FAILED,FAILED,FAILED,FAILED,FAILED,FAILED,FAILED
decision-tree-kr-vs-kp-un-formula_0.8_2021_atleast_127_max-6_reduced_incomplete_tree.wcnf,FAILED,FAILED,FAILED,FAILED,FAILED,FAILED,FAILED,FAILED,FAILED,FAILED,FAILED,FAILED,FAILED,FAILED,FAILED,FAILED
decision-tree-kr-vs-kp-un-formula_0.8_2021_atleast_31_max-4_reduced_incomplete_tree.wcnf,FAILED,FAILED,FAILED,FAILED,FAILED,FAILED,FAILED,FAILED,FAILED,FAILED,FAILED,FAILED,FAILED,FAILED,FAILED,FAILED
decision-tree-mushroom-un-formula_0.8_2021_atleast_127_max-6_reduced_incomplete_tree.wcnf,776.079,1462.26,413.806,460.968,1181.6,621.609,620.163,540.54,1231.16,542.312,786.046,785.055,208.133,1471.17,738.271,208.133
decision-tree-soybean-un-formula_0.8_2021_atleast_127_max-6_reduced_incomplete_tree.wcnf,FAILED,FAILED,FAILED,FAILED,FAILED,FAILED,FAILED,FAILED,FAILED,FAILED,FAILED,FAILED,FAILED,FAILED,FAILED,FAILED
decision-tree-soybean-un-formula_0.8_2021_atleast_15_max-3_reduced_incomplete_tree.wcnf,2461.41,1282.95,FAILED,2594.32,976.075,FAILED,3424.46,FAILED,1021.94,FAILED,FAILED,FAILED,227.242,518.157,FAILED,227.242
decision-tree-soybean-un-formula_0.8_2021_atleast_31_max-4_reduced_incomplete_tree.wcnf,FAILED,FAILED,FAILED,FAILED,FAILED,FAILED,FAILED,FAILED,FAILED,FAILED,FAILED,FAILED,FAILED,FAILED,FAILED,FAILED
decision-tree-soybean-un-formula_0.8_2021_atleast_63_max-5_reduced_incomplete_tree.wcnf,FAILED,FAILED,FAILED,FAILED,FAILED,FAILED,FAILED,FAILED,FAILED,FAILED,FAILED,FAILED,FAILED,FAILED,FAILED,FAILED
decision-tree-splice-1-un-formula_0.8_2021_atleast_127_max-6_reduced_incomplete_tree.wcnf,FAILED,FAILED,FAILED,FAILED,FAILED,FAILED,FAILED,FAILED,FAILED,FAILED,FAILED,FAILED,FAILED,FAILED,FAILED,FAILED
decision-tree-splice-1-un-formula_0.8_2021_atleast_31_max-4_reduced_incomplete_tree.wcnf,FAILED,FAILED,FAILED,FAILED,FAILED,FAILED,FAILED,FAILED,FAILED,FAILED,FAILED,FAILED,FAILED,FAILED,FAILED,FAILED
decision-tree-vote-un-formula_0.8_2021_atleast_15_max-3_reduced_incomplete_tree.wcnf,1764.83,919.228,FAILED,1819.09,628.418,1900.11,1760.31,FAILED,526.962,FAILED,2409.43,2717.99,238.682,305.622,FAILED,238.682
decision-tree-vote-un-formula_0.8_2021_atleast_63_max-5_reduced_incomplete_tree.wcnf,2848.67,3010.27,FAILED,959.238,2707.12,1194.29,1189.98,1359.71,1652.36,1357.92,169.764,169.929,321.919,FAILED,FAILED,169.764
des-cnf.10.p.9.wcnf,55.0534,54.9992,20.8394,619.399,493.909,693.343,712.092,1512.89,146.82,1812.91,1598.95,1898.85,28.5255,147.175,1069.03,28.5255
des-cnf.11.p.10.wcnf,49.6791,49.1478,5.3593,711.486,104.881,614.511,614.35,1509.74,139.008,1815.83,1654.16,1945.53,48.3098,83.7506,587.268,48.3098
des-cnf.11.p.7.wcnf,1286.91,557.364,5.6386,584.111,258.353,539.616,567.158,1507.71,86.411,1807.58,1560.59,1870.42,22.5799,63.7362,402.166,22.5799
des-cnf.13.p.6.wcnf,57.661,57.5862,9.9559,658.635,102.574,637.454,636.896,1512.34,83.1674,1812.37,1559.26,1862.63,20.5721,71.4823,69.8778,20.5721
des-cnf.15.p.3.wcnf,37.2442,37.0305,9.2562,544.731,200.038,514.086,517.254,1509.42,129.658,1809.3,1527.92,1827.87,15.9993,50.8449,61.5952,15.9993
des-cnf.15.p.9.wcnf,64.1922,64.1967,19.0738,875.31,FAILED,407.186,548.259,1543.84,2798.13,1844.11,1852.27,2087.67,82.4604,294.947,FAILED,82.4604
des-cnf.16.p.4.wcnf,37.8922,37.8715,8.7882,564.363,647.649,151.144,153.102,1514.5,59.7026,1814.71,1534.01,1833.97,20.7958,79.2117,122.732,20.7958
des-cnf.16.p.5.wcnf,1516.99,2936.78,11.4125,728.955,2627.93,333.875,336.902,1524.8,315.517,1822.35,1623.89,1878.51,30.7811,104.95,FAILED,30.7811
des-cnf.16.p.6.wcnf,320.413,1664.59,73.5914,1250.32,1957.08,498.678,561.218,1529.11,763.027,1829.31,1617.54,1917.68,55.8205,138.09,1467.05,55.8205
des-cnf.17.p.10.wcnf,FAILED,FAILED,1413.65,641.021,FAILED,874.597,992.759,1569.95,FAILED,1870.72,489.299,458.285,333.532,581.688,FAILED,333.532
des-cnf.17.t.8.wcnf,27.7478,27.5616,8.7772,127.308,20.1782,160.947,146.842,1539.22,31.137,1839.35,64.2813,64.3341,18.6327,136.468,9.4013,9.4013
des-cnf.19.p.10.wcnf,228.505,220.183,147.997,589.134,FAILED,798.317,882.249,1586.74,FAILED,1886.14,440.732,440.594,414.505,504.231,FAILED,414.505
des-cnf.20.d.10.wcnf,40.6391,40.8846,10.5346,453.699,13.3358,57.5501,57.664,1520.07,27.4326,1812.79,1518.58,1818.57,17.8442,32.5398,14.5641,14.5641
des-cnf.20.d.9.wcnf,27.6117,27.6493,8.3667,501.969,9.4923,105.241,108.094,1436.65,21.8972,1437.18,1528.27,1828.47,20.4871,97.8554,26.3695,20.4871
des-cnf.9.p.10.wcnf,50.5671,50.8114,4.0587,671.315,751.709,558.315,581.515,1509.48,151.395,1809.34,1612.63,1912.22,26.7487,53.1822,21.5743,21.5743
drmx-cryptogen-geffe128_0.wcnf,178.787,178.715,24.7075,688.246,43.7227,598.625,598.39,2152.28,50.1729,2453.12,2852.57,2552.71,FAILED,FAILED,319.249,50.1729
drmx-cryptogen-geffe128_2.wcnf,52.1973,51.8556,8.3677,602.746,10.8696,605.141,605.047,2111.8,14.7407,2411.71,2116.85,2416.79,FAILED,FAILED,216.32,14.7407
drmx-cryptogen-geffe128_8.wcnf,136.71,136.702,4.9022,613.439,50.7054,683.722,680.875,2108.74,57.8019,2408.63,2237.74,2537.56,FAILED,FAILED,118.476,57.8019
drmx-cryptogen-threshold128_0.wcnf,155.908,156.26,10.5099,689.642,59.2943,659.83,659.828,2187.36,70.8859,2486.9,2263.87,2563.3,FAILED,FAILED,345.9,70.8859
drmx-cryptogen-threshold128_1.wcnf,103.439,104.544,23.0439,678.671,61.4645,673.592,673.523,3311.47,42.3221,2411.42,2814.37,2514.66,FAILED,FAILED,584.694,42.3221
drmx-cryptogen-threshold128_2.wcnf,309.495,594.669,2.9873,911.067,292.299,691.622,692.316,2163.64,66.8399,2462.96,2803.45,FAILED,FAILED,FAILED,1992.28,66.8399
drmx-cryptogen-threshold128_6.wcnf,117.47,117.232,60.6606,687.176,21.0026,677.311,677.078,2120.39,65.4143,2420.47,2200.41,3100.02,FAILED,FAILED,2395.7,65.4143
drmx-cryptogen-wolfram72_0.wcnf,34.5008,34.4474,13.7121,586.677,5.2871,592.761,592.792,2152.69,1.545,2450.73,2215.03,2554.72,FAILED,FAILED,1665.35,1.545
drmx-cryptogen-wolfram72_4.wcnf,41.4949,41.4183,7.0422,595.534,6.8158,614.115,614.225,2159.5,4.1683,2445.47,2245.97,2519.3,FAILED,FAILED,1377.12,4.1683
drmx-cryptogen-wolfram72_5.wcnf,34.0412,34.0498,25.1245,616.885,5.997,624.596,624.525,2184.07,20.0436,2486.4,2175.47,2476.49,FAILED,FAILED,317.042,20.0436
drmx-cryptogen-wolfram72_8.wcnf,21.8695,21.8842,10.9783,589.234,17.9623,600.393,600.344,2166.16,4.9776,2445.42,2206.13,2524.11,FAILED,FAILED,1753.33,4.9776
drmx-cryptogen-wolfram80_0.wcnf,99.7074,99.1757,18.1614,766.881,45.2973,662.901,662.581,2186.48,24.1327,2477.33,2312.51,2611.45,FAILED,FAILED,3139.19,24.1327
drmx-cryptogen-wolfram80_4.wcnf,96.7781,96.8394,69.8202,635.37,31.6206,664.491,663.582,2230.04,27.03,2534.39,2253.9,2540.02,FAILED,FAILED,FAILED,27.03
drmx-cryptogen-wolfram80_7.wcnf,56.3662,56.1172,18.5083,590.989,4.8622,618.953,619.281,2164.82,1.8828,2466.28,2210.3,2507.79,FAILED,FAILED,738.401,1.8828
drmx-cryptogen-wolfram80_8.wcnf,53.629,53.8375,12.3409,610.121,9.3549,618.635,618.584,2207.87,12.8437,2471.99,2233.01,2625.19,FAILED,FAILED,3377.89,12.8437
extension-enforcement-extension-enforcement_non-strict_stb_200_0.05_0_10_3.wcnf,3572.58,FAILED,15.5894,FAILED,FAILED,FAILED,FAILED,460.407,2331.8,459.325,255.896,255.392,FAILED,FAILED,FAILED,255.392
extension-enforcement-extension-enforcement_non-strict_stb_200_0.05_3_10_1.wcnf,FAILED,FAILED,17.5871,FAILED,FAILED,FAILED,FAILED,FAILED,FAILED,FAILED,FAILED,FAILED,FAILED,FAILED,FAILED,FAILED
extension-enforcement-extension-enforcement_non-strict_stb_200_0.05_3_10_4.wcnf,FAILED,FAILED,15.2261,FAILED,FAILED,FAILED,FAILED,928.507,3473.53,927.184,424.292,423.779,FAILED,FAILED,FAILED,423.779
extension-enforcement-extension-enforcement_non-strict_stb_200_0.05_4_10_0.wcnf,1735.31,FAILED,18.7053,FAILED,3592.28,FAILED,FAILED,1368.66,551.836,1372.99,FAILED,1649.92,FAILED,FAILED,FAILED,551.836
extension-enforcement-extension-enforcement_non-strict_stb_200_0.05_4_10_2.wcnf,FAILED,FAILED,18.2239,FAILED,FAILED,FAILED,FAILED,1132.24,3248.06,1131.49,FAILED,FAILED,FAILED,FAILED,FAILED,1131.49
extension-enforcement-extension-enforcement_non-strict_stb_200_0.1_2_10_1.wcnf,3420.55,FAILED,11.3343,FAILED,FAILED,FAILED,FAILED,1422.03,2237.49,1430.44,543.636,543.122,FAILED,FAILED,FAILED,543.122
extension-enforcement-extension-enforcement_non-strict_stb_200_0.1_4_10_2.wcnf,2744.19,FAILED,11.8225,FAILED,FAILED,FAILED,FAILED,292.32,1525.29,292.68,268.276,266.294,FAILED,FAILED,FAILED,266.294
extension-enforcement-extension-enforcement_strict_com_150_0.05_3_30_0.wcnf,502.03,304.725,58.2914,235.6,6.0659,194.665,194.973,56.051,20.0165,55.8706,55.8332,55.5788,FAILED,FAILED,3.132,3.132
extension-enforcement-extension-enforcement_strict_com_150_0.1_2_15_0.wcnf,15.8088,15.8521,38.4619,214.778,3.0537,195.069,195.074,28.3323,5.2983,28.2216,28.6287,28.681,FAILED,FAILED,2.804,2.804
extension-enforcement-extension-enforcement_strict_com_200_0.05_0_40_1.wcnf,1213.79,307.549,69.7153,337.389,7.8868,210.806,210.456,12.9512,13.7737,13.4385,17.4208,17.3352,FAILED,FAILED,6.5552,6.5552
extension-enforcement-extension-enforcement_strict_com_200_0.05_1_40_1.wcnf,7.6196,7.6,72.393,345.986,12.5577,210.188,210.067,32.6798,19.8397,15.9692,17.554,17.5167,FAILED,FAILED,5.752,5.752
extension-enforcement-extension-enforcement_strict_com_200_0.05_4_20_1.wcnf,22.8164,22.9505,74.3165,258.661,72.2611,210.899,211.373,18.8664,38.7182,19.2291,43.6602,43.7335,FAILED,FAILED,23.1718,18.8664
extension-enforcement-extension-enforcement_strict_com_200_0.05_4_20_4.wcnf,1246.08,320.973,71.2122,265.27,20.8589,210.97,211.431,18.6124,44.7747,18.6684,22.3306,22.2882,FAILED,FAILED,8.1062,8.1062
extension-enforcement-extension-enforcement_strict_com_200_0.1_0_10_1.wcnf,1220.87,305.188,34.4558,241.59,9.364,213.067,212.981,46.138,17.6703,46.0991,46.4734,46.6515,FAILED,FAILED,6.3814,6.3814
extension-enforcement-extension-enforcement_strict_com_200_0.2_1_10_0.wcnf,1210.7,304.805,30.0807,267.075,5.1578,208.115,208.08,80.8842,10.7469,81.0056,79.5858,79.7577,FAILED,FAILED,4.2262,4.2262
fault-diagnosis-s00641_nan_explicit_3_0.wcnf,0.1716,0.1727,0.1572,9.9387,0.0638,14.1995,14.1346,0.1867,0.0638,0.187,0.2721,0.2732,0.0916,5.0876,0.2378,0.0638
fault-diagnosis-s01423_nan_explicit_4_0.wcnf,0.1734,0.1723,0.3163,4.74,0.0709,9.1955,9.1877,0.1622,0.076,0.1625,0.3373,0.3363,0.1449,4.1198,0.3931,0.076
fault-diagnosis-s01423_nan_explicit_7_0.wcnf,0.2267,0.2271,0.3364,6.922,0.0737,12.4672,12.437,0.1669,0.08,0.1671,0.2048,0.2049,0.1455,8.476,0.4212,0.08
fault-diagnosis-s38417_nan_explicit_11_0.wcnf,0.5448,0.544,0.6146,8.4888,0.2423,10.6216,10.5906,0.5039,0.2712,0.5036,3.9129,3.9394,0.3604,2.0286,0.9658,0.2712
fault-diagnosis-s38417_nan_explicit_13_0.wcnf,0.8836,0.8832,0.734,14.9833,0.2844,19.2435,19.2895,0.5464,0.2961,0.5459,8.1334,8.1628,0.4309,7.5935,1.2009,0.2961
fault-diagnosis-s38417_nan_explicit_18_0.wcnf,0.7375,0.74,0.5829,11.3626,0.2374,14.197,14.1912,0.4286,0.2532,0.4301,5.1925,5.1372,0.3547,1.9977,0.9257,0.2532
fault-diagnosis-s38417_nan_explicit_27_0.wcnf,0.6875,0.6897,0.4791,22.7709,0.2272,23.3739,23.3937,0.7939,0.243,0.793,12.4998,12.4547,0.4166,7.3734,0.77,0.243
fault-diagnosis-s38417_nan_explicit_6_0.wcnf,0.5133,0.5121,0.774,6.9097,0.279,10.2585,10.2359,0.4978,0.3072,0.4983,0.5858,0.5853,0.5776,7.3382,1.293,0.3072
fault-diagnosis-s38584_nan_explicit_15_0.wcnf,1433.1,414.487,2669.03,1058.79,72.3203,1160.84,1121.15,222.445,298.487,223.773,199.696,199.734,933.172,FAILED,2646.38,199.696
fault-diagnosis-s38584_nan_explicit_16_0.wcnf,357.561,370.33,403.103,986.106,85.6132,1094.74,1023.52,102.49,150.47,102.941,126.424,126.183,262.622,FAILED,827.119,102.49
fault-diagnosis-s38584_nan_explicit_18_0.wcnf,358.454,338.845,456.051,928.777,67.8043,1013.88,936.521,70.458,498.46,71.0653,82.4425,82.3382,206.662,287.197,319.504,70.458
fault-diagnosis-s38584_nan_explicit_25_0.wcnf,44.0757,44.3089,109.456,432.133,44.1235,510.066,452.145,99.1355,145.547,99.2267,44.1265,44.1092,177.017,260.042,26.1739,26.1739
fault-diagnosis-s38584_nan_explicit_27_0.wcnf,355.114,331.372,111.505,833.558,67.1602,911.828,783.219,170.246,227.931,169.941,59.595,59.3907,162.916,641.38,580.241,59.3907
fault-diagnosis-s38584_nan_explicit_33_0.wcnf,297.39,297.919,165.87,408.543,38.3336,651.373,376.207,49.5999,170.543,49.7453,36.1718,36.2266,36.6304,132.208,291.556,36.1718
fault-diagnosis-s38584_nan_explicit_46_0.wcnf,23.9389,24.2337,109.489,704.771,27.0266,876.698,691.621,66.4116,304.24,66.5631,43.0834,43.0163,46.2612,200.891,98.1745,43.0163
frb-frb25-13-1.partial.wcnf,10.3643,10.3499,1.8068,265.425,0.6197,165.809,166.478,194.667,30.9526,196,194.139,194.018,2.6175,4.4081,FAILED,2.6175
frb-frb25-13-2.partial.wcnf,2.7444,2.7377,0.9944,10.5635,0.2299,11.1094,10.3406,201.951,740.29,202.901,201.479,201.488,1.8986,3.6986,FAILED,1.8986
frb-frb25-13-3.partial.wcnf,1221.01,300.184,0.8527,23.9092,0.2122,144.512,144.612,64.8058,21.2128,64.164,63.712,63.6036,2.0485,3.8344,FAILED,2.0485
frb-frb25-13-4.partial.wcnf,22.1523,22.1032,1.866,161.818,0.1089,70.0041,70.3235,154.412,26.6939,155.009,154.174,153.695,2.2984,4.0488,FAILED,2.2984
frb-frb30-15-3.partial.wcnf,10.5354,10.6264,3.079,14.7624,2.8724,14.928,15.1029,784.407,15.9837,785.019,779.595,779.842,15.8673,18.4988,FAILED,14.928
frb-frb30-15-4.partial.wcnf,1683.64,300.895,2.6095,14.9946,0.9131,14.642,14.8372,819.143,489.561,816.624,815.515,816.746,25.2562,27.7596,FAILED,14.642
frb-frb30-15-5.partial.wcnf,11.1566,11.175,2.0383,14.6482,0.3082,15.0675,14.9046,1345.72,40.6811,1341.89,1349.07,1342.44,9.2434,11.7342,FAILED,9.2434
frb-frb35-17-1.partial.wcnf,18.3708,18.3839,4.1885,17.9002,4.7593,18.2802,18.2785,FAILED,2526.39,FAILED,FAILED,FAILED,124.09,127.275,FAILED,18.2785
frb-frb35-17-3.partial.wcnf,18.2206,18.3587,8.034,15.8476,11.4682,16.2454,16.2341,FAILED,114.404,FAILED,FAILED,FAILED,25.4838,29.3604,FAILED,16.2341
frb-frb35-17-4.partial.wcnf,12.246,12.3152,15.2578,417.176,6.1931,417.581,417.616,FAILED,FAILED,FAILED,FAILED,FAILED,172.047,175.018,FAILED,172.047
frb-frb35-17-5.partial.wcnf,46.8982,46.9227,2.7489,17.0789,30.949,17.4754,17.4858,FAILED,FAILED,FAILED,FAILED,FAILED,117.761,121.24,FAILED,17.4754
frb-frb40-19-1.partial.wcnf,29.6339,29.6672,19.0099,180.249,9.1886,180.928,180.927,FAILED,183.075,FAILED,FAILED,FAILED,115.874,121.183,FAILED,115.874
frb-frb40-19-2.partial.wcnf,115.003,114.332,95.0027,180.236,66.2544,180.917,180.912,FAILED,1467.51,FAILED,FAILED,FAILED,53.0721,58.6719,FAILED,53.0721
frb-frb40-19-4.partial.wcnf,285.315,285.648,136.055,643.043,173.734,818.661,818.091,FAILED,FAILED,FAILED,FAILED,FAILED,200.583,205.248,FAILED,200.583
frb-frb40-19-5.partial.wcnf,324.258,302.162,2322.08,683.02,2.1781,685.565,685.238,FAILED,FAILED,FAILED,FAILED,FAILED,227.425,232.375,FAILED,227.425
gen-hyper-tw-GenHyperTW_2bitcomp_5.wcnf,FAILED,FAILED,FAILED,FAILED,FAILED,FAILED,FAILED,FAILED,FAILED,FAILED,FAILED,FAILED,FAILED,FAILED,FAILED,FAILED
gen-hyper-tw-GenHyperTW_aim-50-1_6-yes1-3.wcnf,FAILED,FAILED,FAILED,FAILED,FAILED,FAILED,FAILED,FAILED,FAILED,FAILED,FAILED,FAILED,FAILED,FAILED,FAILED,FAILED
gen-hyper-tw-GenHyperTW_atv_partial_system.wcnf,FAILED,1018.87,773.052,631.153,713.996,1356.01,911.021,505.471,2732.34,508.87,172.904,173.427,1237.3,715.322,FAILED,172.904
gen-hyper-tw-GenHyperTW_b01.wcnf,FAILED,FAILED,FAILED,FAILED,FAILED,1966.56,3585.94,FAILED,FAILED,FAILED,FAILED,FAILED,1358.16,1273.83,FAILED,1273.83
gen-hyper-tw-GenHyperTW_b02.wcnf,2.8623,2.8963,2.0953,410.045,1.9264,432.217,431.974,1502.67,14.0788,1806.57,1506.83,1805.24,2.2421,8.0191,1.3255,1.3255
gen-hyper-tw-GenHyperTW_b06.wcnf,261.095,259.955,43.9181,468.447,165.278,459.224,459.145,1562.59,190.981,1862.85,1578.11,1869.92,133.838,85.6687,330.238,85.6687
gen-hyper-tw-GenHyperTW_dubois29.wcnf,1095.67,547.214,575.477,866.72,244.848,971.994,498.234,FAILED,577.739,FAILED,689.962,692.18,FAILED,FAILED,FAILED,498.234
gen-hyper-tw-GenHyperTW_flat30-1.wcnf,FAILED,FAILED,FAILED,FAILED,FAILED,FAILED,FAILED,FAILED,FAILED,FAILED,FAILED,FAILED,FAILED,FAILED,FAILED,FAILED
gen-hyper-tw-GenHyperTW_flat30-99.wcnf,FAILED,FAILED,FAILED,FAILED,FAILED,FAILED,FAILED,FAILED,FAILED,FAILED,FAILED,FAILED,FAILED,FAILED,FAILED,FAILED
gen-hyper-tw-GenHyperTW_grid3d_5.wcnf,FAILED,FAILED,FAILED,FAILED,FAILED,FAILED,FAILED,FAILED,FAILED,FAILED,FAILED,FAILED,FAILED,FAILED,FAILED,FAILED
gen-hyper-tw-GenHyperTW_grid4d_3.wcnf,FAILED,FAILED,FAILED,FAILED,FAILED,FAILED,FAILED,FAILED,FAILED,FAILED,FAILED,FAILED,FAILED,FAILED,FAILED,FAILED
gen-hyper-tw-GenHyperTW_grid5.wcnf,23.6833,23.4642,10.3733,426.154,29.5189,430.409,428.479,1523.94,15.2439,1820.94,1521.93,1813.04,6.857,16.0464,20.7703,6.857
gen-hyper-tw-GenHyperTW_hole8.wcnf,FAILED,FAILED,FAILED,FAILED,FAILED,FAILED,FAILED,FAILED,FAILED,FAILED,FAILED,FAILED,FAILED,FAILED,FAILED,FAILED
gen-hyper-tw-GenHyperTW_par8-2-c.wcnf,FAILED,FAILED,FAILED,FAILED,FAILED,FAILED,FAILED,FAILED,FAILED,FAILED,FAILED,FAILED,FAILED,FAILED,FAILED,FAILED
gen-hyper-tw-GenHyperTW_uf20-099.wcnf,FAILED,FAILED,FAILED,FAILED,FAILED,FAILED,FAILED,FAILED,FAILED,FAILED,FAILED,FAILED,FAILED,FAILED,FAILED,FAILED
HaplotypeAssembly-splitedReads_0.matrix.wcnf,FAILED,FAILED,79.1163,1413.13,FAILED,1473.66,1411.24,3305.38,FAILED,3597.16,1882.97,2182.52,FAILED,FAILED,FAILED,1411.24
HaplotypeAssembly-splitedReads_137.matrix.wcnf,0.8219,0.8149,0.5777,367.068,38.6494,316.55,316.417,90.7328,68.7876,90.2695,136.326,136.642,58.5145,72.2857,FAILED,58.5145
HaplotypeAssembly-splitedReads_158.matrix.wcnf,0.8257,0.8109,1.1427,730.435,278.49,736.891,734.468,190.856,520.681,191.297,521.555,521.931,118.526,99.3133,3.1948,3.1948
HaplotypeAssembly-splitedReads_160.matrix.wcnf,0.9032,0.8972,1.122,740.11,187.647,753.817,746.509,170.819,479.687,170.92,538.627,538.483,93.7819,92.4382,2.5203,2.5203
HaplotypeAssembly-splitedReads_18.matrix.wcnf,1.2579,1.2684,0.8785,394.669,209.358,548.487,547.699,218.931,251.906,218.538,217.961,218.212,70.1189,87.6866,2.3099,2.3099
HaplotypeAssembly-splitedReads_414.matrix.wcnf,1.4177,1.4377,1.1363,728.467,268.663,739.524,730.711,294.786,270.044,295.207,689.561,689.164,103.699,101.549,1.8337,1.8337
hs-timetabling-GreeceWesternGreeceUniversityInstance4.xml.wcnf,FAILED,FAILED,FAILED,FAILED,FAILED,FAILED,FAILED,FAILED,FAILED,FAILED,FAILED,FAILED,FAILED,FAILED,FAILED,FAILED
hs-timetabling-SouthAfricaWoodlands2009.xml.wcnf,1242.73,322.854,12.16,78.9875,22.6497,79.726,79.9633,1546.72,42.8282,1880.11,23.1689,23.2742,437.16,617.859,151.726,23.1689
inconsistency-measurement-im-contension-A-2-grd_1697_5_7.tgf.pl.wcnf,FAILED,FAILED,FAILED,FAILED,FAILED,FAILED,FAILED,FAILED,FAILED,FAILED,FAILED,FAILED,FAILED,FAILED,FAILED,FAILED
inconsistency-measurement-im-contension-A-2-grd_1948_5_1.tgf.pl.wcnf,FAILED,FAILED,FAILED,FAILED,FAILED,FAILED,FAILED,FAILED,FAILED,FAILED,FAILED,FAILED,FAILED,FAILED,FAILED,FAILED
inconsistency-measurement-im-contension-A-2-grd_3018_3_7.tgf.pl.wcnf,FAILED,FAILED,FAILED,FAILED,FAILED,FAILED,FAILED,FAILED,FAILED,FAILED,FAILED,FAILED,FAILED,FAILED,FAILED,FAILED
inconsistency-measurement-im-contension-A-2-grd_5178_1_1.tgf.pl.wcnf,FAILED,FAILED,FAILED,FAILED,FAILED,FAILED,FAILED,FAILED,FAILED,FAILED,FAILED,FAILED,FAILED,FAILED,FAILED,FAILED
inconsistency-measurement-im-contension-C-1-grd_3018_3_7.tgf.pl.wcnf,FAILED,FAILED,FAILED,FAILED,FAILED,FAILED,FAILED,FAILED,FAILED,FAILED,FAILED,FAILED,FAILED,FAILED,FAILED,FAILED
inconsistency-measurement-im-forgetting-A-2-WS_300_16_90_30.tgf.pl.wcnf,FAILED,FAILED,3153.12,FAILED,FAILED,FAILED,FAILED,FAILED,FAILED,FAILED,FAILED,FAILED,FAILED,FAILED,FAILED,FAILED
inconsistency-measurement-im-forgetting-B-3-stb_339_393.tgf.pl.wcnf,FAILED,FAILED,FAILED,FAILED,FAILED,FAILED,FAILED,FAILED,FAILED,FAILED,FAILED,FAILED,FAILED,FAILED,FAILED,FAILED
inconsistency-measurement-im-forgetting-B-3-stb_696_412.tgf.pl.wcnf,FAILED,FAILED,FAILED,FAILED,FAILED,FAILED,FAILED,FAILED,FAILED,FAILED,FAILED,FAILED,FAILED,FAILED,FAILED,FAILED
inconsistency-measurement-im-forgetting-T-2-stb_265_466.tgf.pl.wcnf,3051.73,FAILED,175.667,FAILED,3382.91,1722.41,FAILED,FAILED,1881,FAILED,FAILED,FAILED,FAILED,FAILED,FAILED,1722.41
inconsistency-measurement-im-hit-A-2-WS_300_16_90_30.tgf.pl.wcnf,FAILED,FAILED,2595.95,2773.53,1157.68,3311.39,FAILED,1890.1,FAILED,1892.2,1514.69,1517.12,FAILED,FAILED,FAILED,1514.69
inconsistency-measurement-im-hit-C-2-stb_304_352.tgf.pl.wcnf,FAILED,FAILED,3593.36,FAILED,FAILED,FAILED,FAILED,FAILED,FAILED,FAILED,FAILED,FAILED,FAILED,FAILED,FAILED,FAILED
inconsistency-measurement-im-sum-A-2-stb_547_485.tgf.pl.wcnf,FAILED,FAILED,FAILED,FAILED,FAILED,FAILED,FAILED,FAILED,FAILED,FAILED,FAILED,FAILED,FAILED,FAILED,FAILED,FAILED
inconsistency-measurement-im-sum-B-3-stb_390_450.tgf.pl.wcnf,FAILED,FAILED,FAILED,FAILED,FAILED,FAILED,FAILED,FAILED,FAILED,FAILED,FAILED,FAILED,FAILED,FAILED,FAILED,FAILED
inconsistency-measurement-im-sum-B-3-stb_428_430.tgf.pl.wcnf,FAILED,FAILED,FAILED,FAILED,FAILED,FAILED,FAILED,FAILED,FAILED,FAILED,FAILED,FAILED,FAILED,FAILED,FAILED,FAILED
inconsistency-measurement-im-sum-T-1-grd_2130_2_7.tgf.pl.wcnf,FAILED,FAILED,FAILED,FAILED,FAILED,FAILED,FAILED,FAILED,FAILED,FAILED,FAILED,FAILED,FAILED,FAILED,FAILED,FAILED
judgment-aggregation-ja-maxham-preflib-00049-00000003.wcnf,531.144,741.1,295.897,890.301,406.499,905.492,895.769,1789.43,370.022,2089.88,1888.36,2192.74,217.376,213.547,FAILED,213.547
judgment-aggregation-ja-maxham-preflib-00049-00000092.wcnf,FAILED,2299.36,2192.19,2616.47,1811.05,2856.82,2391.32,3465.37,1508.61,FAILED,3224.02,3530.36,1183.06,1545.52,FAILED,1183.06
judgment-aggregation-ja-maxham-preflib-00049-00000106.wcnf,2278.48,1421.4,1678.41,1639.9,1256.59,1530.39,1472.2,2445.22,1137.37,2738.96,2489.92,2798.52,756.079,764.131,FAILED,756.079
judgment-aggregation-ja-maxham-preflib-00049-00000272.wcnf,FAILED,FAILED,FAILED,FAILED,FAILED,FAILED,FAILED,FAILED,FAILED,FAILED,FAILED,FAILED,FAILED,FAILED,FAILED,FAILED
judgment-aggregation-ja-maxham-preflib-00049-00000291.wcnf,FAILED,FAILED,FAILED,FAILED,FAILED,FAILED,FAILED,FAILED,FAILED,FAILED,FAILED,FAILED,FAILED,FAILED,FAILED,FAILED
judgment-aggregation-ja-maxham-preflib-00049-00000304.wcnf,FAILED,FAILED,FAILED,FAILED,FAILED,FAILED,FAILED,FAILED,FAILED,FAILED,FAILED,FAILED,FAILED,FAILED,FAILED,FAILED
judgment-aggregation-ja-maxham-preflib-00049-00000338.wcnf,FAILED,FAILED,FAILED,FAILED,FAILED,FAILED,FAILED,FAILED,FAILED,FAILED,FAILED,FAILED,FAILED,FAILED,FAILED,FAILED
judgment-aggregation-ja-maxham-preflib-00049-00000511.wcnf,3493.78,2911.52,FAILED,FAILED,2601.88,FAILED,FAILED,FAILED,1972.06,FAILED,FAILED,FAILED,2066.39,1517.79,FAILED,1517.79
judgment-aggregation-ja-maxham-preflib-00049-00000512.wcnf,FAILED,FAILED,FAILED,FAILED,FAILED,FAILED,FAILED,FAILED,FAILED,FAILED,FAILED,FAILED,FAILED,FAILED,FAILED,FAILED
judgment-aggregation-ja-maxham-preflib-00049-00000516.wcnf,FAILED,FAILED,FAILED,FAILED,FAILED,FAILED,FAILED,FAILED,FAILED,FAILED,FAILED,FAILED,FAILED,FAILED,FAILED,FAILED
judgment-aggregation-ja-maxham-preflib-00049-00000562.wcnf,548.005,1047.73,1379.56,1207.76,643.599,1190.06,1174.95,2025,562.071,2324.45,2196.63,2492.88,429.73,411.214,FAILED,411.214
judgment-aggregation-ja-slater-preflib-00043-00000180.wcnf,FAILED,FAILED,1430.26,FAILED,FAILED,2894.07,FAILED,720.342,FAILED,715.553,FAILED,FAILED,FAILED,FAILED,FAILED,715.553
judgment-aggregation-ja-slater-preflib-00043-00000196.wcnf,FAILED,FAILED,2024.52,1285.5,FAILED,1085.56,1216.26,627.508,FAILED,628.42,FAILED,FAILED,FAILED,FAILED,FAILED,627.508
judgment-aggregation-ja-slater-preflib-00049-00000107.wcnf,FAILED,FAILED,2041.68,FAILED,FAILED,FAILED,FAILED,1302.47,FAILED,1301.95,1630.24,1631.23,FAILED,FAILED,FAILED,1301.95
judgment-aggregation-ja-slater-preflib-00049-00000451.wcnf,FAILED,FAILED,FAILED,FAILED,FAILED,FAILED,FAILED,FAILED,FAILED,FAILED,FAILED,FAILED,FAILED,FAILED,FAILED,FAILED
logic-synthesis-normalized-5xp1.b.opb.msat.wcnf,0.7029,0.7075,0.4842,22.7575,1.3985,22.8704,22.9001,1.4426,3.1954,1.4419,1.3553,1.367,3.8319,3.7988,1.4361,1.3553
logic-synthesis-normalized-9sym.b.opb.msat.wcnf,0.0685,0.0683,0.152,22.1077,0.0383,18.9505,18.954,3.7516,2.8366,3.741,7.9239,7.8196,0.0504,2.0738,0.0335,0.0335
logic-synthesis-normalized-alu4.b.opb.msat.wcnf,FAILED,FAILED,401.074,185.446,FAILED,182.364,182.377,3.6663,FAILED,3.6674,5.083,5.0915,FAILED,FAILED,3528.82,3.6663
logic-synthesis-normalized-apex4.a.opb.msat.wcnf,0.5075,0.5082,0.1316,180.633,115.891,180.648,180.651,0.3337,19.6249,0.333,0.5696,0.5708,FAILED,FAILED,1.5888,0.333
logic-synthesis-normalized-bench1.pi.opb.msat.wcnf,FAILED,FAILED,404.346,190.01,FAILED,185.476,185.518,4.0219,FAILED,4.0211,13.9889,14.0068,FAILED,FAILED,FAILED,4.0211
logic-synthesis-normalized-clip.b.opb.msat.wcnf,0.1936,0.194,0.1325,11.4167,0.105,11.5931,11.4037,0.6439,2.1181,0.6413,0.6482,0.6667,0.6655,2.6507,0.0709,0.0709
logic-synthesis-normalized-count.b.opb.msat.wcnf,0.1547,0.1543,0.1625,26.7998,5.7026,28.2359,28.0653,0.2057,3.1346,0.2056,3.5641,3.56,11.3723,9.2789,0.083,0.083
logic-synthesis-normalized-e64.b.opb.msat.wcnf,1.2321,1.2266,13.3527,189.3,FAILED,183.567,183.565,15.3051,FAILED,15.2871,9.2473,9.2308,FAILED,FAILED,3.5056,3.5056
logic-synthesis-normalized-ex5.pi.opb.msat.wcnf,FAILED,FAILED,410.58,182.348,FAILED,186.75,186.754,14.5637,FAILED,14.648,18.532,18.4564,FAILED,FAILED,FAILED,14.5637
logic-synthesis-normalized-exam.pi.opb.msat.wcnf,FAILED,FAILED,405.288,185.951,FAILED,186.015,185.986,4.3572,FAILED,4.3709,3.6567,3.657,FAILED,FAILED,FAILED,3.6567
logic-synthesis-normalized-f51m.b.opb.msat.wcnf,0.212,0.2119,0.2132,41.6623,0.1472,41.5243,41.6141,0.5792,2.6258,0.5789,0.5252,0.5136,19.5974,4.7633,3.382,0.5136
logic-synthesis-normalized-jac3.opb.msat.wcnf,405.145,311.127,156.429,180.958,11.0521,181.99,181.994,0.4897,13.8045,0.4869,1.2658,1.2682,FAILED,FAILED,11.9863,0.4869
logic-synthesis-normalized-max1024.pi.opb.msat.wcnf,FAILED,FAILED,405.38,187.709,FAILED,191.963,191.891,18.3025,FAILED,18.3019,4.9319,4.954,FAILED,FAILED,FAILED,4.9319
logic-synthesis-normalized-sao2.b.opb.msat.wcnf,127.127,126.092,0.0873,64.8606,0.8133,64.1486,63.7599,3.4808,2.2021,3.4897,1.7661,1.7602,54.5868,192.941,1.2124,1.2124
logic-synthesis-normalized-test4.pi.opb.msat.wcnf,FAILED,FAILED,FAILED,FAILED,FAILED,FAILED,FAILED,FAILED,FAILED,FAILED,FAILED,FAILED,FAILED,FAILED,FAILED,FAILED
max-realizability-power-distribution_5_2.wcnf,0.0255,0.0255,0.0103,FAILED,0.004,FAILED,FAILED,0.0124,0.0041,0.0123,0.0597,0.0599,0.0045,0.0056,0.0074,0.0041
max-realizability-power-distribution_5_3.wcnf,0.124,0.1243,0.0304,181.217,0.0173,181.273,181.295,0.0765,0.0207,0.0763,0.2117,0.2112,0.0083,0.0229,0.0191,0.0083
max-realizability-power-distribution_5_4.wcnf,0.2767,0.2766,0.0562,242.903,0.038,242.374,242.004,0.1435,0.0478,0.1425,0.3118,0.3126,0.0135,0.0392,0.0344,0.0135
max-realizability-power-distribution_5_5.wcnf,0.878,0.8728,0.1363,220.075,0.0892,220.558,220.463,4.9307,0.1273,4.9353,0.9188,0.9203,0.0318,0.0833,0.1334,0.0318
max-realizability-power-distribution_5_6.wcnf,1.941,1.9451,0.2186,217.586,0.1375,212.026,212.768,7.0075,0.1948,7.0187,1.3573,1.3592,0.0341,0.1634,0.1087,0.0341
max-realizability-power-distribution_5_7.wcnf,3.0903,3.0839,0.297,204.658,0.1946,206.354,206.429,8.8829,0.2754,8.8738,1.8994,1.9059,0.0456,0.2137,0.1546,0.0456
max-realizability-power-distribution_5_8.wcnf,4.8638,4.8602,0.4125,200.008,0.2613,202.543,202.507,14.1793,0.3818,28.2752,2.5247,2.5331,0.0588,0.2371,0.1954,0.0588
MaxSATQueriesinInterpretableClassifiers-adult_test_9_CNF_2_1.wcnf,0.0425,0.0427,0.1037,180.132,0.0169,180.778,180.778,0.0467,0.0191,0.0467,0.0799,0.0801,0.1687,0.0994,0.1027,0.0191
MaxSATQueriesinInterpretableClassifiers-compas_train_5_DNF_5_1.wcnf,FAILED,FAILED,FAILED,1800.19,FAILED,1540.03,1059.34,FAILED,FAILED,FAILED,FAILED,FAILED,FAILED,FAILED,FAILED,1059.34
MaxSATQueriesinInterpretableClassifiers-credit_train_3_DNF_3_1.wcnf,FAILED,FAILED,FAILED,FAILED,FAILED,FAILED,FAILED,FAILED,FAILED,FAILED,FAILED,FAILED,FAILED,FAILED,FAILED,FAILED
MaxSATQueriesinInterpretableClassifiers-heart_test_2_DNF_1_1.wcnf,0.0097,0.0098,0.0047,2.7052,0.0009,0.0084,0.0085,0.0052,0.0009,0.0052,0.0061,0.0061,0.0029,0.003,0.0033,0.0009
MaxSATQueriesinInterpretableClassifiers-heart_test_7_DNF_5_1.wcnf,0.0104,0.0105,0.0062,4.5946,0.0012,4.6141,4.5228,0.0059,0.0013,0.0058,0.0083,0.0083,0.0038,0.0043,0.0049,0.0013
MaxSATQueriesinInterpretableClassifiers-heart_train_0_CNF_1_1.wcnf,0.4732,0.4749,0.0526,6.3821,0.0378,6.2746,6.1562,4.8841,2.2458,4.9077,2.6356,2.6342,0.1956,2.4503,1.7652,0.1956
MaxSATQueriesinInterpretableClassifiers-heart_train_2_CNF_3_1.wcnf,1268.36,325.16,1349.61,794.537,25.3687,859.968,901.692,1918.26,67.5984,2218.39,2118.24,2410.92,FAILED,FAILED,FAILED,67.5984
MaxSATQueriesinInterpretableClassifiers-ilpd_test_0_DNF_5_1.wcnf,0.0101,0.0101,0.0059,3.5533,0.0023,0.021,0.011,0.006,0.0012,0.0059,0.007,0.007,0.0035,0.0041,0.0046,0.0012
MaxSATQueriesinInterpretableClassifiers-parkinsons_test_9_DNF_2_1.wcnf,0.0101,0.0102,0.0054,3.4685,0.001,0.0096,0.0096,0.0054,0.0011,0.0057,0.0071,0.007,0.0033,0.0036,0.004,0.0011
MaxSATQueriesinInterpretableClassifiers-tictactoe_test_6_CNF_4_1.wcnf,0.0112,0.0105,0.0068,3.969,0.0014,4.1439,4.1344,0.0064,0.0015,0.0069,0.0085,0.0085,0.0044,0.0049,0.0058,0.0015
MaxSATQueriesinInterpretableClassifiers-titanic_test_9_CNF_5_1.wcnf,0.0115,0.0114,0.0082,4.1792,0.0019,4.1603,4.2112,0.0076,0.002,0.0075,0.0116,0.0109,0.0052,0.0064,0.008,0.002
MaxSATQueriesinInterpretableClassifiers-titanic_train_2_DNF_3_1.wcnf,1325.22,374.219,28.5723,630.165,74.0519,757.381,623.87,1519.09,125.239,1819.01,1673.34,1972.65,FAILED,FAILED,FAILED,125.239
MaxSATQueriesinInterpretableClassifiers-toms_test_5_DNF_5_1.wcnf,FAILED,FAILED,FAILED,FAILED,FAILED,FAILED,FAILED,FAILED,FAILED,FAILED,FAILED,FAILED,FAILED,FAILED,FAILED,FAILED
MaxSATQueriesinInterpretableClassifiers-toms_train_8_DNF_2_1.wcnf,FAILED,FAILED,FAILED,FAILED,FAILED,FAILED,FAILED,FAILED,FAILED,FAILED,FAILED,FAILED,FAILED,FAILED,FAILED,FAILED
MaxSATQueriesinInterpretableClassifiers-twitter_train_3_CNF_2_1.wcnf,FAILED,FAILED,FAILED,FAILED,FAILED,FAILED,FAILED,FAILED,FAILED,FAILED,FAILED,FAILED,FAILED,FAILED,FAILED,FAILED
mbd-b14_C-mbd14-0377.wcnf,8.0358,7.9981,1.8919,617.545,9.7901,661.764,613.803,460.242,10.0745,460.745,1505.53,1805.15,154.433,356.74,17.8797,10.0745
mbd-b17_C-mbd14-0217.wcnf,0.7521,0.7341,0.7184,475.412,1.0587,511.361,491.51,79.8199,2.6706,79.6679,227.836,229.158,25.9928,82.4607,1.1513,1.1513
mbd-b20_C-mbd14-0281.wcnf,1.7507,1.7644,0.8268,467.821,0.8171,478.015,481.998,494.98,11.496,495.177,1040.76,1042.12,30.2544,66.9128,1.1084,1.1084
mbd-b20_C-mbd14-0305.wcnf,13.7645,13.8667,1.219,515.451,6.5161,514.579,510.104,600.223,11.3301,601.527,1514.32,1809.94,34.9495,51.2498,137.279,11.3301
mbd-b20_C-mbd14-0349.wcnf,1.7951,1.797,0.7282,456.224,3.8958,472.26,460.771,381.603,2.7676,382.775,1365.61,1368.01,15.3439,36.0656,0.6711,0.6711
mbd-b20_C-mbd14-0356.wcnf,2.8507,2.8314,2.3011,498.568,3.4686,504.4,498.601,1501.5,14.5531,1801.85,1504.13,1804,29.0805,42.1478,1.3352,1.3352
mbd-b21_C-mbd14-0205.wcnf,25.1276,25.1026,6.2948,588.539,15.0865,596.797,594.981,1501.99,36.3014,1802.11,1503.97,1803.98,65.949,59.6333,4.2821,4.2821
mbd-b21_C-mbd14-0286.wcnf,1.2738,1.2736,0.4748,429.2,0.2923,435.734,433.213,154.736,4.194,154.344,576.68,573.034,5.2306,24.165,0.5113,0.5113
mbd-b21_C-mbd14-0368.wcnf,8.5561,8.5624,1.2577,493.066,2.9434,527.312,503.211,1502.37,6.2417,1849.57,1503.81,1803.99,24.1117,40.5581,1.3099,1.3099
mbd-b21_C-mbd14-0394.wcnf,34.6363,34.6649,2.1318,591.201,34.5074,607.863,602.973,1504.42,9.4222,1804.59,1509.77,1809.16,54.0305,71.2255,57.4357,9.4222
mbd-b22_C-mbd14-0207.wcnf,1.0511,1.0444,1.0832,473.115,0.9964,498.408,477.561,96.6374,2.5379,96.9313,567.339,572.588,17.0967,55.2407,1.2081,1.2081
mbd-b22_C-mbd14-0249.wcnf,1.3282,1.3223,1.0533,518.409,1.1383,542.605,513.655,238.087,3.8289,238.886,1503.12,1803.18,19.7231,95.4943,1.1353,1.1353
mbd-b22_C-mbd14-0250.wcnf,5.1574,5.1741,1.4327,661.08,7.2893,697.529,668.983,1279.37,21.0939,1285.85,1517.6,1823.08,85.7601,188.539,20.8139,20.8139
mbd-b22_C-mbd14-0272.wcnf,0.9302,0.9292,1.0137,478.238,3.9262,516.737,480.249,175.269,5.8198,175.798,1502.42,1510.39,17.7456,73.5474,0.8292,0.8292
mbd-b22_C-mbd14-0308.wcnf,0.9991,1.0044,1.2841,583.625,1.6292,607.387,595.841,499.332,14.5327,498.201,1505.04,1597.09,31.8361,139.602,1.4896,1.4896
min-fill-MinFill_R0_mulsol.i.1.wcnf,FAILED,FAILED,FAILED,FAILED,FAILED,1015.99,2085.51,FAILED,FAILED,FAILED,959.031,972.992,FAILED,FAILED,FAILED,959.031
min-fill-MinFill_R0_mulsol.i.3.wcnf,FAILED,FAILED,638.996,883.683,FAILED,1056.49,1184.51,FAILED,FAILED,FAILED,1278.85,1278.32,FAILED,FAILED,FAILED,1056.49
min-fill-MinFill_R0_myciel3.wcnf,0.6053,0.6056,0.0352,402.783,0.181,160.196,160.364,1500.06,1.2543,1799.96,650.192,651.164,0.3042,1.511,1.2215,0.3042
min-fill-MinFill_R0_myciel4.wcnf,2690.68,620.41,0.7118,589.771,315.887,595.42,589.891,1500.88,1524.09,1800.72,1505.93,1805.8,140.399,227.877,FAILED,140.399
min-fill-MinFill_R0_myciel5.wcnf,FAILED,FAILED,FAILED,FAILED,FAILED,FAILED,FAILED,FAILED,FAILED,FAILED,FAILED,FAILED,FAILED,FAILED,FAILED,FAILED
min-fill-MinFill_R0_myciel6.wcnf,FAILED,FAILED,FAILED,FAILED,FAILED,FAILED,FAILED,FAILED,FAILED,FAILED,FAILED,FAILED,FAILED,FAILED,FAILED,FAILED
min-fill-MinFill_R0_myciel7.wcnf,FAILED,FAILED,FAILED,FAILED,FAILED,FAILED,FAILED,FAILED,FAILED,FAILED,FAILED,FAILED,FAILED,FAILED,FAILED,FAILED
min-fill-MinFill_R0_queen11_11.wcnf,FAILED,FAILED,FAILED,FAILED,FAILED,FAILED,FAILED,FAILED,FAILED,FAILED,FAILED,FAILED,FAILED,FAILED,FAILED,FAILED
min-fill-MinFill_R0_queen7_7.wcnf,FAILED,FAILED,FAILED,FAILED,FAILED,FAILED,FAILED,FAILED,FAILED,FAILED,FAILED,FAILED,FAILED,FAILED,FAILED,FAILED
min-fill-MinFill_R0_queen9_9.wcnf,FAILED,FAILED,FAILED,FAILED,FAILED,FAILED,FAILED,FAILED,FAILED,FAILED,FAILED,FAILED,FAILED,FAILED,FAILED,FAILED
min-fill-MinFill_R1_games120.wcnf,FAILED,FAILED,FAILED,FAILED,FAILED,FAILED,FAILED,FAILED,FAILED,FAILED,FAILED,FAILED,FAILED,FAILED,FAILED,FAILED
min-fill-MinFill_R3_david.wcnf,FAILED,FAILED,FAILED,725.319,FAILED,714.886,721.152,FAILED,FAILED,FAILED,1895.87,2195.49,FAILED,FAILED,FAILED,714.886
min-fill-MinFill_R3_huck.wcnf,0.0274,0.0274,0.0191,10.7355,0.0143,7.5056,7.4802,4.2328,0.0165,4.2313,5.51,5.5069,0.0088,2.422,0.0223,0.0088
min-fill-MinFill_R3_miles750.wcnf,FAILED,FAILED,FAILED,FAILED,FAILED,FAILED,FAILED,FAILED,FAILED,FAILED,FAILED,FAILED,FAILED,FAILED,FAILED,FAILED
min-fill-MinFill_R5_jean.wcnf,2.4508,2.435,0.1276,406.704,1.8642,406.581,406.549,1500.13,2.8275,1800.11,1500.14,1800.12,1.129,2.3506,1.4288,1.129
minimize-5gons-u5-cube-maxcdcl-11-tmp-15-2655746.wcnf,2520.42,894.594,FAILED,FAILED,595.777,FAILED,FAILED,FAILED,1359.78,FAILED,FAILED,FAILED,FAILED,FAILED,FAILED,1359.78
minimize-5gons-u5-cube-maxcdcl-12-tmp-15-2655746.wcnf,2897.79,1331.72,FAILED,FAILED,1019.46,FAILED,FAILED,FAILED,1708.95,FAILED,FAILED,FAILED,FAILED,FAILED,FAILED,1708.95
minimize-5gons-u5-cube-maxcdcl-13-tmp-15-2655746.wcnf,2249.44,742.463,FAILED,FAILED,444.169,FAILED,FAILED,FAILED,1051.26,FAILED,FAILED,FAILED,FAILED,FAILED,FAILED,1051.26
minimize-5gons-u5-cube-maxcdcl-18-tmp-15-2655746.wcnf,2948.42,1038.37,FAILED,FAILED,741.602,FAILED,FAILED,FAILED,1721.22,FAILED,FAILED,FAILED,FAILED,FAILED,FAILED,1721.22
minimize-5gons-u5-cube-maxcdcl-19-tmp-15-2655746.wcnf,2514,897.33,FAILED,FAILED,585.12,FAILED,FAILED,FAILED,1300.59,FAILED,FAILED,FAILED,FAILED,FAILED,FAILED,1300.59
minimize-5gons-u5-cube-maxcdcl-20-tmp-15-2655746.wcnf,3338.96,1380.42,FAILED,FAILED,1085.8,FAILED,FAILED,FAILED,2118.15,FAILED,FAILED,FAILED,FAILED,FAILED,FAILED,2118.15
minimize-5gons-u5-cube-maxcdcl-23-tmp-15-2655746.wcnf,2186.63,834.456,FAILED,FAILED,532.697,FAILED,FAILED,FAILED,996.826,FAILED,FAILED,FAILED,FAILED,FAILED,FAILED,996.826
minimize-5gons-u5-cube-maxcdcl-24-tmp-15-2655746.wcnf,2463.87,806.748,FAILED,FAILED,508.565,FAILED,FAILED,FAILED,1295.47,FAILED,FAILED,FAILED,FAILED,FAILED,FAILED,1295.47
minimize-5gons-u5-cube-maxcdcl-29-tmp-15-2655746.wcnf,2964.34,1036.52,FAILED,FAILED,721.681,FAILED,FAILED,FAILED,1787.21,FAILED,FAILED,FAILED,FAILED,FAILED,FAILED,1787.21
minimize-5gons-u5-cube-maxcdcl-32-tmp-15-2655746.wcnf,2791.93,1143.31,FAILED,FAILED,849.91,FAILED,FAILED,FAILED,1593.45,FAILED,FAILED,FAILED,FAILED,FAILED,FAILED,1593.45
minimize-5gons-u5-cube-maxcdcl-36-tmp-15-2655746.wcnf,2671.38,938.828,FAILED,FAILED,637.083,FAILED,FAILED,FAILED,1483.75,FAILED,FAILED,FAILED,FAILED,FAILED,FAILED,1483.75
minimize-5gons-u5-cube-maxcdcl-38-tmp-15-2655746.wcnf,2959.51,1241.8,FAILED,FAILED,954.219,FAILED,FAILED,FAILED,1741.11,FAILED,FAILED,FAILED,FAILED,FAILED,FAILED,1741.11
minimize-5gons-u5-cube-maxcdcl-41-tmp-15-2655746.wcnf,2926.72,1169.65,FAILED,FAILED,884.611,FAILED,FAILED,FAILED,1714.04,FAILED,FAILED,FAILED,FAILED,FAILED,FAILED,1714.04
minimize-5gons-u5-cube-maxcdcl-44-tmp-15-2655746.wcnf,2548.26,899.865,FAILED,FAILED,610.1,FAILED,FAILED,FAILED,1347.89,FAILED,FAILED,FAILED,FAILED,FAILED,FAILED,1347.89
minimize-5gons-u5-cube-maxcdcl-46-tmp-15-2655746.wcnf,2359.46,770.101,FAILED,FAILED,475.883,FAILED,FAILED,FAILED,1131.18,FAILED,FAILED,FAILED,FAILED,FAILED,FAILED,1131.18
minimize-5gons-u5-cube-maxcdcl-48-tmp-15-2655746.wcnf,1947.7,641.908,FAILED,FAILED,342.409,FAILED,FAILED,FAILED,735.537,FAILED,FAILED,FAILED,FAILED,FAILED,FAILED,735.537
minimize-5gons-u5-cube-maxcdcl-49-tmp-15-2655746.wcnf,2682.09,1055.04,FAILED,FAILED,749.455,FAILED,FAILED,FAILED,1460.77,FAILED,FAILED,FAILED,FAILED,FAILED,FAILED,1460.77
minimize-5gons-u5-cube-maxcdcl-53-tmp-15-2655746.wcnf,1725.32,582.261,FAILED,FAILED,281.351,FAILED,FAILED,FAILED,528.228,FAILED,FAILED,FAILED,FAILED,FAILED,FAILED,528.228
minimize-5gons-u5-cube-maxcdcl-58-tmp-15-2655746.wcnf,2170.83,751.346,FAILED,FAILED,453.397,FAILED,FAILED,FAILED,985.259,FAILED,FAILED,FAILED,FAILED,FAILED,FAILED,985.259
minimize-5gons-u5-cube-maxcdcl-59-tmp-15-2655746.wcnf,2566.44,925.787,FAILED,FAILED,627.537,FAILED,FAILED,FAILED,1337.63,FAILED,FAILED,FAILED,FAILED,FAILED,FAILED,1337.63
minimize-5gons-u5-cube-maxcdcl-60-tmp-15-2655746.wcnf,2412.72,865.258,FAILED,FAILED,566.533,FAILED,FAILED,FAILED,1190.17,FAILED,FAILED,FAILED,FAILED,FAILED,FAILED,1190.17
minimize-5gons-u5-cube-maxcdcl-61-tmp-15-2655746.wcnf,1895.54,595.006,FAILED,FAILED,294.198,FAILED,FAILED,FAILED,707.064,FAILED,FAILED,FAILED,FAILED,FAILED,FAILED,707.064
minimize-5gons-u5-cube-maxcdcl-7-tmp-15-2655746.wcnf,2389.11,814.967,FAILED,FAILED,508.576,FAILED,FAILED,FAILED,1198.04,FAILED,FAILED,FAILED,FAILED,FAILED,FAILED,1198.04
minimize-5gons-u5-cube-maxcdcl-8-tmp-15-2655746.wcnf,2000.96,770.823,FAILED,FAILED,471.368,FAILED,FAILED,FAILED,799.493,FAILED,FAILED,FAILED,FAILED,FAILED,FAILED,799.493
minimize-5gons-u5-cube-maxcdcl-9-tmp-15-2655746.wcnf,1884.09,744.96,FAILED,FAILED,435.886,FAILED,FAILED,FAILED,699.521,FAILED,FAILED,FAILED,FAILED,FAILED,FAILED,699.521
mqc-10tree1001posib.wcnf,0.3976,0.3953,0.1585,21.029,0.3992,22.3448,22.4367,14.1099,0.5264,14.1547,15.8868,15.7907,0.3063,11.3476,0.1509,0.1509
mqc-10tree101posib.wcnf,0.5991,0.5973,0.2228,206.269,0.3061,337.708,338.532,52.3635,0.4412,52.0141,139.088,139.059,0.3048,7.8194,0.2179,0.2179
mqc-10tree102posib.wcnf,0.4261,0.4248,0.1304,94.1761,0.1429,85.2718,85.1038,36.3144,0.6258,36.3379,94.9453,94.4512,0.4813,3.7208,0.1817,0.1817
mqc-10tree120p.wcnf,57.7103,57.2316,15.8989,469.162,21.7364,460.572,473.436,1506.6,37.4378,1806.19,1504.58,1804.39,20.4122,22.9816,264.201,20.4122
mqc-10tree302p.wcnf,1.1112,1.1124,0.4196,408.867,0.4112,408.974,409.047,1500.39,0.9637,1800.21,1500.78,1800.79,1.4269,4.8497,0.2914,0.2914
mqc-10tree305p.wcnf,0.9806,0.9873,0.3364,413.81,0.7019,412.89,415.241,1500.36,1.4382,1800.43,1500.32,1800.46,2.5702,4.8275,3.4826,1.4382
mqc-10tree320p.wcnf,59.2822,59.0251,47.5413,481.971,23.7452,495.694,475.99,1524.56,45.5073,1824.43,1509.12,1809.72,14.87,20.8951,366.664,14.87
mqc-10tree402p.wcnf,0.8625,0.8572,0.3517,408.513,0.4162,408.793,408.747,1500.39,0.9394,1800.6,1501.08,1801.65,0.2216,3.7827,0.4808,0.2216
mqc-10tree501p.wcnf,0.6399,0.6393,0.2358,409.035,0.2979,407.129,407.197,1501.68,0.4317,1800.22,1500.32,1800.31,1.6121,4.2093,0.242,0.242
mqc-10tree510p.wcnf,3.8511,3.8351,0.7469,428.171,2.6662,430.603,428.528,1500.75,5.1364,1800.82,1501,1800.96,2.1915,4.8211,12.6287,2.1915
mqc-10tree515p.wcnf,13.957,13.9532,1.103,436.172,4.0454,445.166,441.363,1501.28,11.5451,1801.3,1501.96,1801.78,7.5386,9.4005,40.2007,7.5386
mqc-10tree605posib.wcnf,0.7789,0.7848,1.0765,21.3102,0.4197,22.2031,22.1436,13.76,1.2551,13.8966,15.809,15.7723,0.2792,11.3129,0.9979,0.2792
mqc-10tree620p.wcnf,18.0177,18.0334,1.3136,444.777,11.018,451.595,442.085,1501.28,14.879,1801.38,1501.83,1801.83,10.9621,10.6887,88.4916,10.6887
mqc-10tree715p.wcnf,11.4353,11.3531,1.3953,436.045,3.8082,442.039,437.848,1501.33,12.3813,1801.09,1501.63,1801.32,7.667,7.734,36.1884,7.667
mqc-10tree825p.wcnf,92.0406,92.0879,44.8284,534.076,29.9285,525.696,526.887,1523.38,48.6629,1823.29,1517.77,1814.79,35.7577,32.8053,897.819,32.8053
optic-gen_add_4_carry_991.wcnf,FAILED,FAILED,436.004,300.152,FAILED,276.223,276.212,152.457,FAILED,151.94,113.942,114.221,FAILED,FAILED,FAILED,113.942
optic-gen_add_6_carry_991.wcnf,FAILED,FAILED,FAILED,FAILED,FAILED,FAILED,FAILED,FAILED,FAILED,FAILED,FAILED,FAILED,FAILED,FAILED,FAILED,FAILED
optic-gen_cvc-add3-bw3_299.wcnf,0.166,0.1666,0.4234,212.316,207.936,204.512,204.544,30.439,FAILED,30.3672,29.7047,29.7164,FAILED,FAILED,63.367,29.7047
optic-gen_cvc-add3-bw3_991.wcnf,FAILED,FAILED,416.82,182.2,FAILED,188.334,188.317,6,FAILED,5.9871,6.5398,6.537,FAILED,FAILED,FAILED,5.9871
optic-gen_cvc-add3-opt-bw3_299.wcnf,0.1527,0.1528,0.1852,188.638,80.5402,189.388,189.385,7.0353,FAILED,7.0471,5.5517,5.5378,FAILED,FAILED,19.3235,5.5378
optic-gen_cvc-plus_4_991.wcnf,FAILED,FAILED,86.712,209.247,FAILED,203.131,202.972,18.1401,FAILED,18.1442,11.1737,11.1544,FAILED,FAILED,271.931,11.1544
optic-gen_mult_3_5_33.wcnf,1873.89,FAILED,148.434,189.931,FAILED,195.763,195.778,11.5536,676.675,11.5776,10.0931,10.1262,FAILED,FAILED,FAILED,10.0931
optic-gen_mult_3_6_33.wcnf,FAILED,FAILED,423.139,198.164,FAILED,202.744,202.671,15.9101,2426.84,15.9178,8.3345,8.3502,FAILED,FAILED,FAILED,8.3345
optic-gen_mult_3_6_399.wcnf,FAILED,FAILED,157.784,189.827,FAILED,194.885,194.905,7.0025,FAILED,6.996,8.3075,8.2379,FAILED,FAILED,FAILED,6.996
optic-gen_mult_4_5_991.wcnf,FAILED,FAILED,FAILED,FAILED,FAILED,FAILED,FAILED,FAILED,FAILED,FAILED,FAILED,FAILED,FAILED,FAILED,FAILED,FAILED
optic-gen_mult_4_6_991.wcnf,FAILED,FAILED,FAILED,FAILED,FAILED,FAILED,FAILED,FAILED,FAILED,FAILED,FAILED,FAILED,FAILED,FAILED,FAILED,FAILED
optic-gen_mult_4_6_9999.wcnf,FAILED,FAILED,FAILED,FAILED,FAILED,FAILED,FAILED,FAILED,FAILED,FAILED,FAILED,FAILED,FAILED,FAILED,FAILED,FAILED
optic-gen_mult_5_5_991.wcnf,FAILED,FAILED,FAILED,FAILED,FAILED,FAILED,FAILED,FAILED,FAILED,FAILED,FAILED,FAILED,FAILED,FAILED,FAILED,FAILED
optic-gen_mult_5_5_9999.wcnf,FAILED,FAILED,FAILED,FAILED,FAILED,FAILED,FAILED,FAILED,FAILED,FAILED,FAILED,FAILED,FAILED,FAILED,FAILED,FAILED
optic-gen_square_5_33.wcnf,1204.47,314.257,35.4283,186.435,14.0824,182.416,182.414,2.9251,4.4489,2.9191,5.8564,5.8501,FAILED,FAILED,FAILED,2.9191
optimizing-BDDs-anneal-un-wcnf_incomplete_improved_1_2019_2.wcnf,141.367,161.905,FAILED,2369.78,122.547,1289.14,1342.34,2892.44,410.345,3189.37,FAILED,FAILED,85.0412,100.408,792.703,85.0412
optimizing-BDDs-anneal-un-wcnf_incomplete_improved_1_2019_5.wcnf,FAILED,FAILED,FAILED,FAILED,FAILED,FAILED,FAILED,FAILED,FAILED,FAILED,FAILED,FAILED,FAILED,FAILED,FAILED,FAILED
optimizing-BDDs-anneal-un-wcnf_incomplete_improved_1_2019_7.wcnf,FAILED,FAILED,FAILED,FAILED,FAILED,FAILED,FAILED,FAILED,FAILED,FAILED,FAILED,FAILED,FAILED,FAILED,FAILED,FAILED
optimizing-BDDs-breast-cancer-un-wcnf_incomplete_improved_1_2019_8.wcnf,FAILED,FAILED,FAILED,FAILED,FAILED,FAILED,FAILED,FAILED,FAILED,FAILED,FAILED,FAILED,FAILED,FAILED,FAILED,FAILED
optimizing-BDDs-car-un-wcnf_incomplete_improved_1_2019_2.wcnf,318.393,314.617,1476.72,1501.88,15.5224,1462.99,1487.18,1669.63,118.2,1969.72,1742.38,2042.85,49.8772,76.8074,104.023,49.8772
optimizing-BDDs-hypothyroid-un-wcnf_incomplete_improved_1_2019_2.wcnf,2039.1,570.956,2046.03,1279.32,268.498,1064.73,1075.81,1694.88,835.641,1994.35,2507.96,2811.95,267.438,254.261,FAILED,254.261
optimizing-BDDs-lymph-un-wcnf_incomplete_improved_1_2019_6.wcnf,FAILED,FAILED,FAILED,FAILED,FAILED,FAILED,FAILED,FAILED,FAILED,FAILED,FAILED,FAILED,FAILED,FAILED,FAILED,FAILED
optimizing-BDDs-primary-tumor-un-wcnf_incomplete_improved_1_2019_4.wcnf,FAILED,1643.55,FAILED,FAILED,1364.69,FAILED,FAILED,FAILED,2971.89,FAILED,FAILED,FAILED,FAILED,FAILED,FAILED,2971.89
optimizing-BDDs-primary-tumor-un-wcnf_incomplete_improved_1_2019_8.wcnf,FAILED,FAILED,FAILED,FAILED,FAILED,FAILED,FAILED,FAILED,FAILED,FAILED,FAILED,FAILED,FAILED,FAILED,FAILED,FAILED
optimizing-BDDs-soybean-un-wcnf_incomplete_improved_1_2019_7.wcnf,FAILED,FAILED,FAILED,FAILED,FAILED,FAILED,FAILED,FAILED,FAILED,FAILED,FAILED,FAILED,FAILED,FAILED,FAILED,FAILED
optimizing-BDDs-splice-1-un-wcnf_incomplete_improved_1_2019_5.wcnf,FAILED,FAILED,FAILED,FAILED,FAILED,FAILED,FAILED,FAILED,FAILED,FAILED,FAILED,FAILED,FAILED,FAILED,FAILED,FAILED
optimizing-BDDs-splice-1-un-wcnf_incomplete_improved_1_2019_6.wcnf,FAILED,FAILED,FAILED,FAILED,FAILED,FAILED,FAILED,FAILED,FAILED,FAILED,FAILED,FAILED,FAILED,FAILED,FAILED,FAILED
optimizing-BDDs-tic-tac-toe-un-wcnf_incomplete_improved_1_2019_2.wcnf,1356.65,324.952,FAILED,2666.89,26.104,2599.97,2798.41,FAILED,141.636,FAILED,FAILED,FAILED,35.9689,38.2633,169.595,35.9689
optimizing-BDDs-tic-tac-toe-un-wcnf_incomplete_improved_1_2019_5.wcnf,FAILED,FAILED,FAILED,FAILED,FAILED,FAILED,FAILED,FAILED,FAILED,FAILED,FAILED,FAILED,FAILED,FAILED,FAILED,FAILED
optimizing-BDDs-tic-tac-toe-un-wcnf_incomplete_improved_1_2019_7.wcnf,FAILED,FAILED,FAILED,FAILED,FAILED,FAILED,FAILED,FAILED,FAILED,FAILED,FAILED,FAILED,FAILED,FAILED,FAILED,FAILED
packup-4ede8d96-c17a-11df-a7c5-00163e3d3b7c_l3.wcnf,0.1124,0.1122,0.2445,181.64,0.1239,193.815,193.757,0.1687,0.1198,0.1717,0.2854,0.2848,0.317,1.4618,0.4935,0.1198
packup-7f80e4f0-4fe9-11e0-acd7-00163e1e087d_l3.wcnf,15.6791,15.5844,6.0187,246.422,12.1589,281.819,281.565,2103.38,11.0873,2403.64,2111.82,2411.35,6.3099,8.4169,29.1197,6.3099
packup-ff4a1d84-d490-11df-9e6c-00163e3d3b7c_l3.wcnf,9.4672,9.4446,2.0701,349.968,8.0395,356.639,356.974,2103.13,9.9572,2402.87,2706.43,2406.31,13.1073,8.8623,13.3192,8.8623
packup-rand172_l2.wcnf,0.469,0.4699,0.3749,184.625,12.092,192.756,192.676,3.3518,4.1609,3.334,3.6081,3.6326,8.3342,7.671,2.4513,2.4513
packup-rand208_l2.wcnf,0.3174,0.3186,0.4014,187.097,5.9397,193.683,193.702,2.6022,2.8707,2.5998,5.4912,5.4948,4.1435,6.0348,1.6897,1.6897
packup-rand209_l2.wcnf,0.4804,0.4818,0.3545,185.259,16.3944,193.001,192.967,2.3969,2.1762,2.3891,3.8075,3.7731,14.1969,8.302,2.6066,2.1762
packup-rand289_l2.wcnf,0.2867,0.2866,0.3524,186.898,7.2726,194.173,194.203,3.2407,1.7106,3.2379,7.026,7.1038,4.2479,7.1616,1.5069,1.5069
packup-rand290_l2.wcnf,0.7769,0.7771,0.7072,186.361,28.5083,195.237,195.259,4.9495,2.1738,4.8101,3.7428,3.784,12.8061,9.3596,4.619,2.1738
packup-rand30_l2.wcnf,0.3779,0.3745,0.3052,184.394,4.1049,192.007,192.059,2.3305,5.2523,2.3076,3.2736,3.27,5.4721,5.3553,1.5766,1.5766
packup-rand425_l2.wcnf,0.3155,0.3152,0.2634,184.61,5.2669,191.611,371.546,1.4731,2.0203,1.4756,3.271,3.2767,4.7171,5.9625,1.5618,1.4731
packup-rand736_l2.wcnf,0.3732,0.374,0.2121,182.463,5.4211,185.122,185.129,0.6041,1.9571,0.6204,1.4359,1.4368,5.5887,7.7001,1.8787,0.6041
packup-rand874_l2.wcnf,0.6728,0.6684,0.5242,186.858,21.7346,194.46,194.428,2.7107,2.1437,2.7053,4.0468,4.0452,8.4099,9.9746,3.1932,2.1437
packup-rand892_l2.wcnf,0.4412,0.4419,0.2248,182.551,5.0226,185.209,185.245,1.1152,2.1144,1.1131,1.9463,1.9531,4.0762,7.6339,2.6475,1.1131
packup-rand943_l2.wcnf,0.5545,0.5562,0.5054,186.655,16.7198,195.562,195.466,4.0848,2.1132,4.3692,6.169,6.2167,23.253,16.2166,3.6335,2.1132
packup-rand96_l2.wcnf,0.3247,0.3239,0.3084,186.664,6.5462,194.38,194.388,2.7268,1.7985,2.7468,5.9697,5.9224,4.2773,7.1989,1.688,1.688
planning-bnn-cellda_x_10.wcnf,693.435,1257.58,1000.29,FAILED,960.419,994.071,993.399,1282.62,1370.85,1283.43,678.083,676.596,1311.58,FAILED,FAILED,676.596
planning-bnn-cellda_x_12.wcnf,FAILED,2054.42,FAILED,1132.58,1743.54,FAILED,FAILED,1866.07,FAILED,1873.31,3139.72,3145.91,1629.43,FAILED,FAILED,1629.43
planning-bnn-cellda_y_8.wcnf,537.052,1229.53,803.571,694.404,926.345,981.274,1092.11,868.121,1342.58,869.262,710.161,708.657,496.179,1380.39,871.314,496.179
planning-bnn-cellda_y_9.wcnf,FAILED,1364.82,1165.41,842.854,1061.9,FAILED,FAILED,1536.22,FAILED,1533.42,1480.85,1500.02,1611.16,1002.21,1291.92,1002.21
planning-bnn-navigation_3x3_4.wcnf,8.4456,8.4178,2.8007,14.7217,15.3702,17.3008,17.2298,1504.59,18.7038,1819.13,2.2038,2.2253,2.597,90.5695,8.2552,2.2038
planning-bnn-navigation_3x3_5.wcnf,17.5023,17.4782,4.4196,27.9678,22.3735,28.3179,28.2139,1507.06,95.48,1807.06,5.8215,5.8081,3.8287,106.56,10.1331,3.8287
planning-bnn-navigation_3x3_6.wcnf,38.7706,39.1055,7.455,36.7553,25.785,49.2828,49.3374,1508.75,77.8096,1808.84,14.0194,14.0869,8.7365,144.257,34.757,8.7365
planning-bnn-navigation_4x4_5.wcnf,460.163,640.099,71.1023,360.507,337.758,365.859,365.862,111.882,577.274,111.879,185.102,185.711,83.787,363.015,161.294,83.787
planning-bnn-navigation_4x4_7.wcnf,826.367,847.14,150.738,538.592,544.727,638.426,642.846,214.468,713.221,215.492,284.871,283.65,236.024,481.124,837.261,214.468
planning-bnn-navigation_5x5_9.wcnf,FAILED,FAILED,1152.2,3113.08,3336.79,1902.33,2614.19,974.545,3106.18,976.645,2017.45,2016.05,1173.35,1080.12,FAILED,974.545
planning-bnn-sysadmin_4_2.wcnf,35.2175,35.1195,16.8487,55.7404,60.6304,63.1323,62.9716,32.1553,214.855,32.1145,12.6671,12.6913,86.7838,312.006,50.9946,12.6671
planning-bnn-sysadmin_4_3.wcnf,2576.63,965.163,511.806,859.765,663.261,1144.37,1172.45,456.508,1376.42,457.593,547.268,545.149,571.259,998.236,FAILED,456.508
planning-bnn-sysadmin_4_4.wcnf,FAILED,2996.88,933.091,1541.08,2710.91,1525.07,1931.97,951.103,2560.13,943.532,2343.8,2340.42,1070.75,1169.83,FAILED,943.532
planning-bnn-sysadmin_5_3.wcnf,FAILED,FAILED,FAILED,FAILED,FAILED,FAILED,FAILED,FAILED,FAILED,FAILED,FAILED,FAILED,FAILED,FAILED,FAILED,FAILED
planning-bnn-sysadmin_5_4.wcnf,FAILED,FAILED,FAILED,FAILED,FAILED,FAILED,FAILED,FAILED,FAILED,FAILED,FAILED,FAILED,FAILED,FAILED,FAILED,FAILED
privilege-escalation-cloud_access_control_repair_task-117.wcnf,4.6145,4.6227,162.813,189.476,75.6034,323.934,324.386,60.2488,117.632,60.2333,84.9216,85.2089,42.9049,296.646,33.4409,33.4409
privilege-escalation-cloud_access_control_repair_task-130.wcnf,21.8897,21.935,1101.12,737.642,FAILED,867.181,878.862,528.696,FAILED,527.753,419.859,420.252,1113.73,710.56,275.82,275.82
privilege-escalation-cloud_access_control_repair_task-134.wcnf,248.637,252.702,2037.93,267.857,753.055,366.921,366.384,762.48,FAILED,762.394,409.885,410.427,582.184,536.77,263.213,263.213
privilege-escalation-cloud_access_control_repair_task-139.wcnf,3.0176,3.016,106.019,118.716,36.9382,310.691,310.689,26.9784,177.703,27.0111,26.1448,26.1494,22.8831,275.535,16.5369,16.5369
privilege-escalation-cloud_access_control_repair_task-141.wcnf,FAILED,FAILED,2807.2,3412.45,FAILED,FAILED,3353.31,1468.49,FAILED,1470.45,3180.65,3174.59,3420.51,967.324,FAILED,967.324
privilege-escalation-cloud_access_control_repair_task-146.wcnf,518.092,FAILED,2962.25,422.058,FAILED,642.32,641.982,1054.69,FAILED,1094.56,151.719,133.19,789.39,856.273,595.484,133.19
privilege-escalation-cloud_access_control_repair_task-149.wcnf,4.4468,4.4387,194.673,81.6036,101.463,200.025,199.656,85.4875,149.335,85.3939,24.6264,24.529,21.856,299.809,37.2533,21.856
privilege-escalation-cloud_access_control_repair_task-15.wcnf,63.8505,64.4113,464.133,633.989,FAILED,888.097,885.737,349.913,FAILED,349.951,563.972,564.896,1571.69,1442.64,118.278,118.278
privilege-escalation-cloud_access_control_repair_task-157.wcnf,0.7856,0.7871,1761.7,40.1823,19.1732,173.118,173.864,1519.24,57.766,1818.97,9.7089,9.696,5.0805,280.772,7.9265,5.0805
privilege-escalation-cloud_access_control_repair_task-161.wcnf,8.5878,8.6354,28.176,180.605,1.9431,190.343,190.29,15.3426,2.184,15.4403,0.6634,0.6639,0.5717,4.1624,2.7868,0.5717
privilege-escalation-cloud_access_control_repair_task-163.wcnf,11.769,11.7565,832.58,535.056,368.411,336.597,336.202,482.043,420.01,482.283,102.448,102.552,255.998,338.29,126.31,102.448
privilege-escalation-cloud_access_control_repair_task-174.wcnf,8.3863,8.4762,28.6237,17.696,3.3799,28.5237,28.5332,25.5114,4.1708,25.6751,1.1026,1.1048,1.0328,44.2774,2.1247,1.0328
privilege-escalation-cloud_access_control_repair_task-178.wcnf,92.4571,92.5254,604.249,992.767,FAILED,1139.96,1171.14,206.401,FAILED,205.678,417.079,417.747,966.806,578.867,FAILED,205.678
privilege-escalation-cloud_access_control_repair_task-18.wcnf,6.0909,6.1147,13.5473,322.054,6.393,315.588,313.76,67.0894,12.7929,67.0337,310.123,312.555,0.5637,11.2695,0.8472,0.5637
privilege-escalation-cloud_access_control_repair_task-198.wcnf,4.0347,4.0352,342.661,188.565,176.072,282.477,282.181,506.317,221.641,507.22,10.8774,10.8853,8.5872,306.66,307.852,8.5872
privilege-escalation-cloud_access_control_repair_task-34.wcnf,6.9418,6.9372,185.378,320.018,2197.92,443.19,459.172,97.606,512.049,97.9369,156.866,157.395,36.5318,354.408,40.6183,36.5318
privilege-escalation-cloud_access_control_repair_task-35.wcnf,2.6279,2.626,1309.52,91.9551,37.1902,279.834,284.313,29.2182,51.8401,29.3634,22.8489,22.9875,17.0826,230.431,18.335,17.0826
privilege-escalation-cloud_access_control_repair_task-37.wcnf,4.2473,4.2658,190.884,59.3891,98.8299,176.958,176.2,74.6582,115.974,74.4631,33.4143,33.4269,9.596,312.752,36.108,9.596
privilege-escalation-cloud_access_control_repair_task-47.wcnf,40.7464,40.1452,FAILED,1498.22,FAILED,1609.58,1628.34,2419.26,FAILED,2420.58,1395.79,1394.39,1558.56,1659.35,362.816,362.816
privilege-escalation-cloud_access_control_repair_task-54.wcnf,4.3233,4.2441,145.107,152.093,53.9624,348.786,348.299,52.6619,108.817,52.9502,73.9356,73.9315,30.6576,267.081,23.7613,23.7613
privilege-escalation-cloud_access_control_repair_task-56.wcnf,7.1887,7.1344,20.8134,39.6425,6.6475,55.3272,60.7182,1504.43,35.025,1804.36,3.0103,3.011,1.8008,48.7347,2.4271,1.8008
privilege-escalation-cloud_access_control_repair_task-61.wcnf,23.4074,23.322,2528.14,828.538,FAILED,913.287,960.793,1033.64,FAILED,1033.15,603.966,604.631,74.6419,554.334,272.324,74.6419
privilege-escalation-cloud_access_control_repair_task-73.wcnf,15.4802,15.468,614.392,470.031,FAILED,647.442,635.341,237.826,FAILED,238.518,337.92,337.553,779.824,667.499,80.7498,80.7498
privilege-escalation-cloud_access_control_repair_task-87.wcnf,4.4876,4.4819,155.274,184.734,80.6319,283.481,284.491,68.978,120.986,69.0856,70.0449,70.0409,29.2041,312.197,69.7436,29.2041
privilege-escalation-cloud_access_control_repair_task-92.wcnf,5.894,5.8645,177.449,329.666,122.88,249.616,348.531,94.6869,202.751,94.8178,62.292,62.2657,16.9155,298.304,41.4411,16.9155
program-disambiguation-Q16_OPTIONS_2.wcnf,21.7917,21.5878,7.7569,181.174,7.0366,183.379,183.375,1511.37,11.4974,1806.99,0.8686,0.871,0.9072,4.8912,2.6126,0.8686
program-disambiguation-Q2_OPTIONS_1.wcnf,56.0636,55.7045,8.9518,34.4789,63.8321,21.8433,21.807,33.1838,267.195,33.1414,7.2858,7.2987,19.2658,37.3809,12.8676,7.2858
program-disambiguation-Q20_YESNO_3.wcnf,22.3499,22.4921,12.0982,19.4155,20.2819,27.8559,27.8798,8.413,58.2589,8.3838,15.6601,15.6768,28.8805,85.0221,15.5761,8.3838
program-disambiguation-Q27_YESNO_1.wcnf,77.1437,77.0438,57.73,69.8908,135.07,98.4121,98.4537,73.6459,221.467,73.5359,37.8618,38.0357,44.4995,83.5331,58.9484,37.8618
program-disambiguation-Q29_YESNO_1.wcnf,2.59,2.5786,32.1129,18.3457,47.0329,30.0108,30.0392,27.6094,74.9629,27.6598,14.8017,14.8105,13.9485,19.4546,6.1683,6.1683
program-disambiguation-Q35_OPTIONS_1.wcnf,913.092,431.05,163.326,446.044,131.438,515.134,514.999,143.574,359.45,143.796,323.604,324.265,578.36,639.413,231.064,143.574
program-disambiguation-Q36_YESNO_1.wcnf,490.648,413.748,79.6701,59.7459,112.456,81.6481,81.5361,31.8832,226.631,31.846,96.874,97.462,202.14,461.057,230.586,31.846
program-disambiguation-Q38_YESNO_3.wcnf,44.9864,45.2798,7.0593,16.4513,16.5335,20.4434,20.4529,1513.1,28.384,1813.01,3.113,3.1105,2.71,12.3975,2.4502,2.4502
program-disambiguation-Q4_YESNO_2.wcnf,27.8774,28.3199,7.2667,18.2207,26.955,21.8809,21.867,1514.53,59.1569,1814.63,1.4913,1.4925,1.1256,40.8336,6.8418,1.1256
program-disambiguation-Q42_YESNO_3.wcnf,15.9373,15.8195,11.0381,13.7997,11.5139,15.7649,15.8123,683.89,16.8603,681.943,0.9294,0.9289,0.9382,8.2521,1.4443,0.9289
program-disambiguation-Q42_YESNO_4.wcnf,37.814,37.8444,5.6041,540.279,2.9473,418.254,418.212,321.374,3.3678,321.793,1506.2,1816.71,2.8594,6.0659,8.1705,2.8594
program-disambiguation-Q43_YESNO_3.wcnf,6.2995,6.3066,16.2096,14.2403,14.8585,16.9454,16.8825,1511.91,24.0913,1725.31,1.0801,1.08,0.7289,10.8443,1.9522,0.7289
program-disambiguation-Q45_YESNO_4.wcnf,21.8342,21.5523,4.6833,17.3954,5.5364,19.2667,19.3002,1505,6.4741,1805.27,1503.12,1803.15,1.4425,2.8508,1.7488,1.4425
program-disambiguation-Q50_YESNO_6.wcnf,3.8243,3.8266,52.4447,181.711,21.0924,193.636,193.561,16.0193,35.7347,16.0009,4.9796,4.9909,4.0936,9.8472,12.7308,4.0936
program-disambiguation-Q6_YESNO_3.wcnf,3.1807,3.1866,39.241,181.987,104.779,193.118,193.088,84.4252,275.39,84.4976,6.2948,6.278,6.0728,21.554,17.0727,6.0728
protein_ins-1bpi_.2knt_.g.wcnf.t.wcnf,238.303,224.748,560.529,959.016,516.239,1265.23,1237.7,303.247,561.56,303.542,428.942,430.123,493.953,421.457,FAILED,303.247
protein_ins-1bpi_.5pti_.g.wcnf.t.wcnf,144.707,143.918,857.25,648.099,362.159,941.19,927.473,155.475,474.465,154.661,204.926,205.286,234.579,187.04,FAILED,154.661
protein_ins-1knt_.1bpi_.g.wcnf.t.wcnf,483.326,830.734,544.942,1018.99,531.999,1027.41,959.076,203.535,490.28,204.592,349.608,350.076,420.593,344.15,FAILED,203.535
protein_ins-1knt_.2knt_.g.wcnf.t.wcnf,13.8621,13.9735,174.002,453.516,54.2063,633.215,627.799,22.6925,56.9882,22.7421,7.5533,7.5401,6.9576,12.9694,39.937,6.9576
protein_ins-1knt_.5pti_.g.wcnf.t.wcnf,257.695,255.826,359.951,641.275,228.909,931.397,899.088,136.485,445.136,136.302,261.196,260.021,256.142,276.272,FAILED,136.302
protein_ins-1vii_.1cph_.g.wcnf.t.wcnf,0.0622,0.0619,0.1664,16.9148,0.1415,18.0179,18.0256,1.7995,2.4545,1.797,1.78,1.782,0.025,1.0945,0.0906,0.025
protein_ins-2knt_.5pti_.g.wcnf.t.wcnf,175.416,175.056,340.04,740.497,251.438,1099.44,983.347,111.894,397.6,112.15,203.099,203.207,246.646,264.985,FAILED,111.894
protein_ins-3ebx_.1era_.g.wcnf.t.wcnf,479.24,945.585,550.091,1584.41,643.792,1344.2,1283.56,352.606,511.935,355.653,518.196,519.838,623.532,434.002,FAILED,352.606
protein_ins-3ebx_.6ebx_.g.wcnf.t.wcnf,55.6293,55.4377,168.765,483.91,130.18,695.631,695.684,34.1556,172.329,34.2484,38.6837,38.5058,20.2711,59.0774,553.119,20.2711
protein_ins-6ebx_.1era_.g.wcnf.t.wcnf,234.432,236.754,171.678,796.07,153.975,807.274,878.504,106.2,265.276,106.756,173.005,173.451,122.411,104.28,FAILED,104.28
protein_ins-p1.wcnf.t.wcnf,796.218,839.857,468.074,990.359,540.904,937.277,1312.29,301.837,455.61,299.571,522.818,520.163,385.504,277.263,FAILED,277.263
protein_ins-sandiaprotein.g.wcnf.t.wcnf,181.963,170.696,353.17,635.54,238.921,816.822,806.873,87.4082,417.39,87.7587,150.239,150.695,182.565,199.657,FAILED,87.4082
pseudoBoolean-normalized-aim-200-3_4-yes1-1.opb.msat.wcnf,0.019,0.0192,0.0157,3.0343,0.0205,3.4984,3.5017,0.0074,0.3836,0.0078,0.0394,0.0396,0.0068,1.1228,0.0081,0.0068
pseudoBoolean-normalized-aim-200-6_0-yes1-2.opb.msat.wcnf,0.0288,0.0287,0.0256,5.4253,0.0032,5.5945,5.5781,1.2739,0.0036,1.2799,0.062,0.0623,0.0138,2.1565,0.0096,0.0036
pseudoBoolean-normalized-g9x3.opb.msat.wcnf,0.0102,0.0103,0.0057,0.0166,0.0018,0.0116,0.0115,0.0142,1.0951,0.0142,0.0149,0.0149,0.0043,1.17,0.0038,0.0038
pseudoBoolean-normalized-g9x9.opb.msat.wcnf,0.074,0.0742,0.0803,0.7417,1.8928,0.9478,0.9473,0.7095,5.4822,0.7115,0.6334,0.6311,0.1029,1.2478,0.1071,0.1029
pseudoBoolean-normalized-hanoi4.opb.msat.wcnf,0.4947,0.4923,0.1308,242.018,0.8128,180.279,180.269,307.053,0.738,306.984,359.072,357.584,0.1702,4.7058,0.5317,0.1702
pseudoBoolean-normalized-hanoi5.opb.msat.wcnf,1209.4,311.61,1.1447,186.184,10.5975,187.075,187.046,3300.72,10.017,FAILED,3301.8,FAILED,35.7893,12.8508,5.1703,5.1703
pseudoBoolean-normalized-mps-v2-20-10-stein45.opb.msat.wcnf,106.675,106.035,34.7119,295.761,2.1753,295.823,296.757,188.199,9.9578,187.921,259.017,259.356,10.0322,11.1933,346.364,9.9578
pseudoBoolean-normalized-par16-1.opb.msat.wcnf,0.5245,0.5262,0.3248,180.528,0.9159,180.564,180.555,29.0806,1.0427,28.9419,40.5522,40.6297,0.3593,3.7499,1.8144,0.3593
pseudoBoolean-normalized-par16-2.opb.msat.wcnf,0.3823,0.3804,0.5953,180.519,1.2781,181.257,181.187,28.9002,1.4193,28.995,62.6531,62.5265,0.355,3.8148,1.4223,0.355
pseudoBoolean-normalized-par32-1.opb.msat.wcnf,FAILED,FAILED,FAILED,FAILED,FAILED,FAILED,FAILED,FAILED,FAILED,FAILED,FAILED,FAILED,FAILED,FAILED,FAILED,FAILED
pseudoBoolean-normalized-par32-4.opb.msat.wcnf,FAILED,FAILED,FAILED,FAILED,FAILED,FAILED,FAILED,FAILED,FAILED,FAILED,FAILED,FAILED,FAILED,FAILED,FAILED,FAILED
pseudoBoolean-normalized-par32-5.opb.msat.wcnf,FAILED,FAILED,FAILED,FAILED,FAILED,FAILED,FAILED,FAILED,FAILED,FAILED,FAILED,FAILED,FAILED,FAILED,FAILED,FAILED
pseudoBoolean-normalized-par8-2.opb.msat.wcnf,0.1785,0.1782,0.0181,5.2853,0.0025,5.3225,5.2998,0.0236,0.0034,0.0237,0.0129,0.0129,0.0085,3.4868,0.0906,0.0034
pseudoBoolean-normalized-ssa7552-038.opb.msat.wcnf,2.3989,2.3987,0.4683,192.305,1.6788,192.78,192.688,1.3413,2.1497,1.3403,1.515,1.5128,10.1353,4.5692,7.4536,1.3403
pseudoBoolean-normalized-ssa7552-159.opb.msat.wcnf,1.6489,1.6496,0.3258,189.396,0.7429,189.577,189.58,0.4534,1.1314,0.4524,0.5131,0.5128,7.4929,3.3914,2.378,0.4524
railway-transport-d4.wcnf,FAILED,FAILED,FAILED,FAILED,FAILED,FAILED,FAILED,FAILED,FAILED,FAILED,FAILED,FAILED,FAILED,FAILED,FAILED,FAILED
railway-transport-dp43.wcnf,31.4028,31.4017,22.416,400.636,143.097,290.373,294.001,16.0029,285.009,16.0006,60.8111,60.7791,292.704,548.241,1010.73,16.0006
railway-transport-p15.wcnf,81.0972,81.5893,8.4939,511.216,74.6893,512.961,512.991,1538.89,93.2641,1814.99,1543.99,1843.92,42.9472,41.8979,29.8662,29.8662
railway-transport-pesp_18Min.wcnf,FAILED,FAILED,FAILED,FAILED,FAILED,FAILED,FAILED,FAILED,FAILED,FAILED,FAILED,FAILED,FAILED,FAILED,FAILED,FAILED
railway-transport-pesp_5min.wcnf,FAILED,FAILED,FAILED,FAILED,FAILED,FAILED,FAILED,FAILED,FAILED,FAILED,FAILED,FAILED,1304.72,1672.68,FAILED,1304.72
railway-transport-we.wcnf,FAILED,FAILED,FAILED,FAILED,FAILED,FAILED,FAILED,FAILED,FAILED,FAILED,FAILED,FAILED,FAILED,FAILED,FAILED,FAILED
ramsey-ram_k3_n10.ra0.wcnf,FAILED,FAILED,FAILED,FAILED,FAILED,FAILED,FAILED,FAILED,FAILED,FAILED,FAILED,FAILED,FAILED,FAILED,FAILED,FAILED
ramsey-ram_k3_n12.ra0.wcnf,FAILED,FAILED,FAILED,FAILED,FAILED,FAILED,FAILED,FAILED,FAILED,FAILED,FAILED,FAILED,FAILED,FAILED,FAILED,FAILED
ramsey-ram_k3_n16.ra0.wcnf,FAILED,FAILED,FAILED,FAILED,FAILED,FAILED,FAILED,FAILED,FAILED,FAILED,FAILED,FAILED,FAILED,FAILED,FAILED,FAILED
ramsey-ram_k3_n18.ra0.wcnf,FAILED,FAILED,FAILED,FAILED,FAILED,FAILED,FAILED,FAILED,FAILED,FAILED,FAILED,FAILED,FAILED,FAILED,FAILED,FAILED
ramsey-ram_k3_n19.ra0.wcnf,FAILED,FAILED,FAILED,FAILED,FAILED,FAILED,FAILED,FAILED,FAILED,FAILED,FAILED,FAILED,FAILED,FAILED,FAILED,FAILED
ramsey-ram_k4_n10.ra0.wcnf,0.0105,0.0105,0.0249,196.233,0.015,196.132,195.841,0.0306,0.0211,0.0307,0.0323,0.0322,0.0041,0.0068,0.045,0.0041
ramsey-ram_k4_n11.ra0.wcnf,0.0111,0.0112,0.2089,190.716,0.0257,190.685,190.678,0.0469,0.0433,0.046,0.063,0.0628,0.0049,0.0116,0.0474,0.0049
ramsey-ram_k4_n12.ra0.wcnf,0.012,0.012,0.0277,187.66,0.0453,187.451,187.756,0.1031,0.0883,0.1029,0.0642,0.064,0.0062,0.013,0.0515,0.0062
ramsey-ram_k4_n20.ra0.wcnf,FAILED,FAILED,FAILED,FAILED,FAILED,FAILED,FAILED,FAILED,FAILED,FAILED,FAILED,FAILED,FAILED,FAILED,FAILED,FAILED
ramsey-ram_k4_n5.ra0.wcnf,0.0093,0.0093,0.0044,0.0082,0.0009,0.0083,0.0084,0.0061,0.0009,0.0068,0.0064,0.0064,0.0027,0.0027,0.0032,0.0009
ramsey-ram_k4_n8.ra0.wcnf,0.0097,0.0097,0.0061,0.0152,0.0045,0.0156,0.0156,0.0143,0.005,0.0135,0.0141,0.0142,0.0033,0.0043,0.0446,0.0033
ramsey-ram_k5_n11.ra0.wcnf,0.0114,0.0114,0.2533,189.259,0.0581,189.284,189.212,0.0999,0.1026,0.0984,0.081,0.0812,0.0055,0.013,0.0507,0.0055
ramsey-ram_k5_n14.ra0.wcnf,0.017,0.0171,0.2895,182.903,0.4377,182.902,182.936,0.406,1.5886,0.3608,0.288,0.2878,0.0163,0.0406,0.0871,0.0163
ramsey-ram_k5_n16.ra0.wcnf,0.0258,0.0258,0.3425,181.656,1.3062,181.664,181.645,0.5807,7.3892,0.5797,0.6024,0.601,0.0382,0.0813,0.1609,0.0382
ramsey-ram_k5_n20.ra0.wcnf,0.0641,0.0641,0.6325,181.388,2.797,181.411,181.421,63.3614,101.376,63.3189,80.0908,80.2311,0.232,0.2694,0.4925,0.232
rna-alignment-k50-23-49.rna.pre.wcnf,61.5787,62.8211,0.7853,102.77,3.8616,73.7501,79.9352,131.706,3.8095,132.268,131.586,131.013,5.3998,49.6241,643.554,3.8095
rna-alignment-k50-40-60.rna.pre.wcnf,173.986,171.324,0.7393,127.558,3.434,123.019,123.511,144.319,3.8275,143.703,142.963,142.998,3.2895,52.9138,191.943,3.2895
rna-alignment-random-same-7.rna.pre.wcnf,8.7547,8.7487,0.4086,11.2713,0.4292,12.2823,12.2942,14.0637,0.186,14.0976,19.8089,19.853,0.8642,12.8124,10.6631,0.186
scheduling-cnf_10_center.wcnf,3437.78,1882.42,2610.85,565.939,1580.01,770.922,963.906,302.961,2266.02,298.315,283.935,315.753,1007.19,1586.24,FAILED,283.935
scheduling-cnf_10.wcnf,FAILED,FAILED,FAILED,FAILED,FAILED,FAILED,FAILED,FAILED,FAILED,FAILED,FAILED,FAILED,FAILED,FAILED,FAILED,FAILED
scheduling-cnf_12_center.wcnf,360.944,414.839,103.747,349.422,114.886,456.259,452.944,1535.31,214.316,1832.99,180.51,181.165,164.814,210.403,FAILED,164.814
scheduling-cnf_12.wcnf,FAILED,FAILED,FAILED,FAILED,FAILED,FAILED,FAILED,FAILED,FAILED,FAILED,FAILED,FAILED,3093.93,2917.13,FAILED,2917.13
scheduling-cnf_small.wcnf,FAILED,FAILED,FAILED,FAILED,FAILED,FAILED,3088.59,FAILED,FAILED,FAILED,FAILED,FAILED,2083.87,1989.34,FAILED,1989.34
SeanSafarpour-b15-bug-fourvec-gate-0.dimacs.seq.filtered.wcnf,4.2941,4.2829,3192.08,501.082,FAILED,FAILED,FAILED,31.3841,FAILED,31.7504,57.3951,57.3168,FAILED,FAILED,247.943,31.3841
SeanSafarpour-c1_DD_s3_f1_e2_v1-bug-fourvec-gate-0.dimacs.seq.filtered.wcnf,3.9697,3.9502,11.8699,245.719,29.7023,2628.55,2643.18,5.2119,53.5823,5.2029,9.8736,9.8755,FAILED,FAILED,137.135,5.2029
SeanSafarpour-c6_DD_s3_f1_e1_v1-bug-fourvec-gate-0.dimacs.seq.filtered.wcnf,1.7606,1.7507,7.4006,285.154,16.4133,572.997,576.307,2.3722,35.8318,2.3721,4.3726,4.344,FAILED,FAILED,20.3086,2.3721
SeanSafarpour-divider-problem.dimacs_5.filtered.wcnf,287.447,288.374,28.8485,720.75,188.08,1448.72,1485.09,10.3548,387.687,10.3491,34.8859,34.9463,FAILED,FAILED,FAILED,10.3491
SeanSafarpour-fpu1-problem.dimacs_13.filtered.wcnf,1.711,1.7115,5.5506,211.234,19.0128,351.907,352.654,1.9768,104.256,1.9844,5.358,5.34,FAILED,FAILED,8.6849,1.9768
SeanSafarpour-mem_ctrl-problem.dimacs_27.filtered.wcnf,47.9432,48.9079,297.232,591.206,93.3618,FAILED,FAILED,74.1034,FAILED,74.1752,191.03,190.627,FAILED,FAILED,FAILED,74.1034
SeanSafarpour-rsdecoder-problem.dimacs_34.filtered.wcnf,8.3644,8.3797,146.619,133.058,7.03,735.618,733.64,4.2822,79.7094,4.2979,6.4135,6.3864,FAILED,FAILED,238.733,4.2822
SeanSafarpour-rsdecoder-problem.dimacs_37.filtered.wcnf,291.468,290.776,3110.43,600.374,FAILED,FAILED,FAILED,31.4059,486.205,31.5636,482.486,481.846,FAILED,FAILED,159.658,31.4059
SeanSafarpour-rsdecoder-problem.dimacs_39.filtered.wcnf,33.4823,33.5473,416.687,349.563,76.4206,FAILED,FAILED,31.3594,379.743,31.1145,59.6203,59.4615,FAILED,FAILED,113.141,31.1145
SeanSafarpour-rsdecoder4.dimacs.filtered.wcnf,FAILED,FAILED,1008.29,FAILED,FAILED,FAILED,FAILED,FAILED,FAILED,FAILED,FAILED,FAILED,FAILED,FAILED,FAILED,FAILED
SeanSafarpour-rsdecoder5.dimacs.filtered.wcnf,845.183,FAILED,79.8845,1071.47,FAILED,1345.26,1666.79,665.005,FAILED,664.857,390.639,390.166,FAILED,FAILED,FAILED,390.166
SeanSafarpour-wb_4m8s1.dimacs.filtered.wcnf,FAILED,FAILED,FAILED,FAILED,FAILED,FAILED,FAILED,FAILED,FAILED,FAILED,FAILED,FAILED,FAILED,FAILED,FAILED,FAILED
SeanSafarpour-wb_4m8s4.dimacs.filtered.wcnf,FAILED,FAILED,FAILED,2130.95,FAILED,FAILED,FAILED,FAILED,FAILED,FAILED,FAILED,FAILED,FAILED,FAILED,FAILED,FAILED
SeanSafarpour-wb_conmax3.dimacs.filtered.wcnf,19.5335,19.5428,51.1844,1299.68,3131.98,2125.19,2117.23,16.3329,FAILED,16.5029,70.4622,70.3227,FAILED,FAILED,359.956,16.3329
SeanSafarpour-wb-problem.dimacs_45.filtered.wcnf,3.9947,3.9498,7.8226,338.017,12.8558,1527.48,1529.24,5.505,41.8412,5.5038,10.7599,10.814,FAILED,5.0122,38.5502,5.0122
setcover-sts-data.135.wcnf,FAILED,FAILED,FAILED,FAILED,FAILED,FAILED,FAILED,FAILED,FAILED,FAILED,FAILED,FAILED,FAILED,FAILED,FAILED,FAILED
setcover-sts-data.243.wcnf,FAILED,FAILED,FAILED,FAILED,FAILED,FAILED,FAILED,FAILED,FAILED,FAILED,FAILED,FAILED,FAILED,FAILED,FAILED,FAILED
setcover-sts-data.405.wcnf,FAILED,FAILED,FAILED,FAILED,FAILED,FAILED,FAILED,FAILED,FAILED,FAILED,FAILED,FAILED,FAILED,FAILED,FAILED,FAILED
setcover-sts-data.729.wcnf,FAILED,FAILED,FAILED,FAILED,FAILED,FAILED,FAILED,FAILED,FAILED,FAILED,FAILED,FAILED,FAILED,FAILED,FAILED,FAILED
treewidth-computation-TWComp_1dj7_N73.wcnf,FAILED,FAILED,FAILED,1873.42,FAILED,1969.52,1979.39,FAILED,3414.22,FAILED,1429.08,1427.33,992.786,1068.52,FAILED,992.786
treewidth-computation-TWComp_1en2_N69.wcnf,614.576,493.021,1452.02,694.287,192.768,738.505,737.122,2047.69,167.575,2348.34,141.824,141.146,122.647,188.427,FAILED,122.647
treewidth-computation-TWComp_alarm_N37.wcnf,17.2059,17.1442,0.6352,407.608,0.8584,408.095,407.94,1500.58,2.1191,1800.55,1500.65,1801.26,0.1516,2.7979,0.4526,0.1516
treewidth-computation-TWComp_barle_N48.wcnf,67.9856,67.5144,3.5279,422.69,9.9443,424.123,423.961,1504.55,14.5102,1804.54,1506.63,1806.61,5.7515,12.053,8.2808,5.7515
treewidth-computation-TWComp_barley2_N48.wcnf,81.3534,81.3647,3.1749,422.692,8.7948,425.02,424.69,1504.84,15.6811,1804.85,1505.86,1805.89,5.5337,11.6595,10.6526,5.5337
treewidth-computation-TWComp_celar02_N100.wcnf,5.2302,5.2146,21.2128,21.4879,62.3124,60.8761,61.0337,28.2927,102.5,13.9862,4.8384,4.8303,5.8777,19.7773,12.6617,4.8303
treewidth-computation-TWComp_david_N87.wcnf,38.8005,38.8383,17.3793,49.522,59.1008,73.4037,73.1067,17.0734,104.287,17.1297,26.6521,26.6314,39.7042,45.9387,455.59,17.0734
treewidth-computation-TWComp_david-pp_N29.wcnf,14.9357,15.0177,2.945,407.066,2.8107,409.319,409.255,1501.22,1.3855,1801.26,1501.05,1801.07,1.0676,6.6931,4.7633,1.0676
treewidth-computation-TWComp_hailfinder_N56.wcnf,18.9456,18.9627,2.7441,415.449,7.7852,418.563,418.585,1504.85,14.1332,1804.66,1502.3,1802.3,0.681,4.4041,1.5782,0.681
treewidth-computation-TWComp_mulsol.i.5-pp_N119.wcnf,1426.99,411.23,1371.25,271.462,110.219,355.887,356.17,1843.39,277.857,1842.87,83.2543,83.4222,58.4436,83.4117,1823.25,58.4436
treewidth-computation-TWComp_myciel4_N23.wcnf,56.3819,56.8429,13.6771,445.474,18.7783,446.209,446.461,1520.72,15.835,1820.85,1505.84,1806.16,4.5929,11.2232,1571.48,4.5929
treewidth-computation-TWComp_oesoca4_N42.wcnf,28.6454,28.7629,1.2763,407.397,2.4268,408.197,408.166,1501.8,6.6797,1801.76,1500.91,1801.83,0.2316,3.0672,0.6174,0.2316
treewidth-computation-TWComp_queen5_5_N25.wcnf,FAILED,FAILED,FAILED,3449.75,FAILED,3541.04,3277.26,FAILED,FAILED,FAILED,FAILED,FAILED,2615.84,2619.4,FAILED,2615.84
treewidth-computation-TWComp_ship-ship-pp_N30.wcnf,98.7469,99.1216,37.2951,608.28,96.8401,611.856,611.835,1543.25,104.11,1843.26,1527.27,1826.92,28.6641,41.0236,1855.6,28.6641
treewidth-computation-TWComp_water_N32.wcnf,13.5229,13.5612,1.3961,407.288,1.2079,412.15,412.129,1500.68,3.0753,1800.88,1501.54,1801.59,1.4856,5.7081,2.6152,1.4856
vpa-UAutomizer_Addition01_true-unreach-call_true-no-overflow_true-termination.c_Abstraction1.wcnf,0.0208,0.0206,0.036,11.5625,0.0043,11.6354,11.636,0.0178,0.0045,0.0178,0.0268,0.0268,0.0249,0.0293,0.0375,0.0045
vpa-UAutomizer_AliasDarteFeautrierGonnord-SAS2010-speedpldi2_true-termination_true-no-overflow.c_Abstraction1.wcnf,0.0117,0.0116,0.0098,6.4165,0.0015,6.4093,6.6408,0.0072,0.0016,0.0073,0.0095,0.0095,0.0064,0.0072,0.0086,0.0016
vpa-UAutomizer_array08_alloca_true-termination.c.i_Abstraction1.wcnf,0.0255,0.0255,0.0515,180.031,0.0055,180.153,180.162,0.0233,0.0059,0.0235,0.035,0.0351,0.0355,0.0417,0.0528,0.0059
vpa-UAutomizer_array12_alloca_true-termination.c.i_Abstraction1.wcnf,0.0204,0.0203,0.0357,13.543,0.0041,13.7269,13.6798,0.0172,0.0043,0.0174,0.0264,0.0266,0.0249,0.0288,0.037,0.0043
vpa-UAutomizer_c.03-alloca_true-termination_true-no-overflow.c.i_Abstraction3.wcnf,0.1792,0.1786,0.6684,180.442,0.0504,192.955,192.874,0.2204,0.0522,0.2217,0.3195,0.3195,0.5675,0.6364,0.601,0.0522
vpa-UAutomizer_cll_search-alloca_false-termination.c.i_Abstraction1.wcnf,0.0385,0.0385,0.0975,180.047,0.0095,180.436,180.437,0.0389,0.0099,0.0389,0.0597,0.0597,0.0685,0.0813,0.0968,0.0099
vpa-UAutomizer_CookSeeZuleger-TACAS2013-Fig7a_true-termination_true-no-overflow.c_Abstraction1.wcnf,0.0102,0.0101,0.0062,4.639,0.001,0.0052,0.0052,0.0056,0.001,0.0056,0.0068,0.0068,0.004,0.0041,0.0048,0.001
vpa-UAutomizer_count_up_alloca_true-termination.c.i_Abstraction1.wcnf,0.0235,0.0236,0.0447,180.007,0.0049,180.132,180.124,0.0207,0.0052,0.0207,0.0315,0.0315,0.0309,0.0362,0.046,0.0052
vpa-UAutomizer_GopanReps-CAV2006-Fig1a_true-termination_true-no-overflow.c.c_Abstraction1.wcnf,0.0212,0.0212,0.0346,11.6211,0.0044,11.9484,11.7039,0.0176,0.0046,0.0178,0.0261,0.0263,0.0233,0.0277,0.0356,0.0046
vpa-UAutomizer_ll_append-alloca_false-termination.c.i_Abstraction1.wcnf,0.1629,0.162,0.6004,180.371,0.0458,190.879,190.813,0.1969,0.0473,0.1967,0.2856,0.2847,0.4711,0.5593,0.531,0.0473
vpa-UAutomizer_LogAG_true-termination_true-no-overflow.c_Abstraction2.wcnf,0.0103,0.0103,0.0065,4.9093,0.001,0.0108,0.0211,0.0058,0.0011,0.0058,0.0072,0.0072,0.0043,0.0044,0.0052,0.0011
vpa-UAutomizer_NarrowKonv_false-termination_true-no-overflow.c_Abstraction2.wcnf,0.0247,0.0246,0.0485,180.02,0.0053,180.152,180.144,0.0222,0.0057,0.0221,0.0335,0.0334,0.0335,0.0395,0.0493,0.0057
vpa-UAutomizer_nondet_ll_search-alloca_true-termination.c.i_Abstraction1.wcnf,0.0397,0.0398,0.1037,180.048,0.01,180.472,180.481,0.0409,0.0102,0.0409,0.0623,0.0621,0.0727,0.0838,0.1019,0.0102
vpa-UAutomizer_seq_true-unreach-call_true-termination.i_Abstraction1.wcnf,0.0123,0.0122,0.0129,7.9463,0.0018,8.1898,8.3677,0.0085,0.0019,0.0085,0.0119,0.012,0.0088,0.0095,0.0123,0.0019
vpa-UAutomizer_Sunset_false-termination_true-no-overflow.c_Abstraction1.wcnf,0.0236,0.0236,0.071,180.017,0.0053,180.124,180.115,0.0205,0.0056,0.0206,0.0305,0.0305,0.0289,0.0337,0.0452,0.0056
wqueens-wqueens10_8.wcsp.dir.wcnf,0.0284,0.0283,0.1043,4.2034,0.0293,4.1156,4.1108,0.2826,0.8984,0.2823,0.9462,0.9432,0.0163,1.1149,0.0096,0.0096
wqueens-wqueens12_10.wcsp.dir.wcnf,0.0673,0.0676,0.2035,5.451,0.0748,5.2515,5.2713,2.2433,1.4322,2.2526,1.069,1.0632,0.025,1.1131,0.0185,0.0185
wqueens-wqueens14_12.wcsp.dir.wcnf,0.1167,0.117,0.3134,6.2316,0.0461,7.3285,7.1008,2.0388,1.3357,2.0349,1.3492,1.3491,0.5542,1.2211,0.0154,0.0154
wqueens-wqueens16_14.wcsp.dir.wcnf,0.4414,0.4424,0.7642,12.8173,0.3892,10.1267,10.1179,5.0156,1.2202,5.0136,8.5812,8.5564,0.1821,1.3214,0.0616,0.0616
wqueens-wqueens18_16.wcsp.dir.wcnf,0.6887,0.6884,2.0284,13.9281,4.6143,14.131,14.039,9.1106,3.8309,9.1234,16.5372,16.5961,1.478,3.1635,0.0679,0.0679
wqueens-wqueens6_4.wcsp.dir.wcnf,0.0104,0.0105,0.0062,2.159,0.0018,0.0826,0.042,0.0384,0.0017,0.0383,0.0301,0.0301,0.0032,1.175,0.0051,0.0017
wqueens-wqueens8_6.wcsp.dir.wcnf,0.0119,0.0118,0.0097,3.2146,0.003,3.1977,3.089,0.0809,0.0031,0.0799,0.0983,0.0986,0.0038,1.1196,0.0054,0.0031
xai-mindset2-appendicitis.wcnf,0.1135,0.1137,0.2078,180.654,0.2613,188.423,188.425,0.18,1.902,0.1803,0.179,0.1792,FAILED,5.1808,0.5261,0.179
xai-mindset2-australian.wcnf,FAILED,3323.62,FAILED,FAILED,3008.75,FAILED,FAILED,FAILED,FAILED,FAILED,FAILED,FAILED,FAILED,FAILED,FAILED,FAILED
xai-mindset2-cleveland-nominal.wcnf,FAILED,FAILED,FAILED,FAILED,FAILED,FAILED,FAILED,FAILED,FAILED,FAILED,FAILED,FAILED,1139.05,1163.95,FAILED,1139.05
xai-mindset2-colic.wcnf,FAILED,FAILED,FAILED,FAILED,FAILED,FAILED,FAILED,FAILED,FAILED,FAILED,FAILED,FAILED,FAILED,FAILED,FAILED,FAILED
xai-mindset2-corral.wcnf,0.0356,0.0357,0.0195,3.1235,0.0159,3.0901,3.1336,0.2464,0.0128,0.2458,0.1257,0.1256,0.0088,3.3305,0.0746,0.0088
xai-mindset2-ecoli.wcnf,FAILED,FAILED,FAILED,FAILED,FAILED,FAILED,FAILED,FAILED,FAILED,FAILED,FAILED,FAILED,FAILED,FAILED,FAILED,FAILED
xai-mindset2-hepatitis.wcnf,1239.43,324.675,3331.85,773.792,23.9118,918.765,804.529,1646.76,39.7413,1946.82,757.793,758.346,FAILED,FAILED,FAILED,39.7413
xai-mindset2-house-votes-84.wcnf,69.0293,69.7204,FAILED,FAILED,FAILED,FAILED,FAILED,FAILED,3554.21,FAILED,FAILED,FAILED,34.3688,53.9037,FAILED,34.3688
xai-mindset2-iris.wcnf,1206.43,302.944,2.2343,198.31,2.6347,195.883,196.1,19.1402,6.4852,19.1643,19.2536,19.3878,493.561,1297.02,0.6078,0.6078
xai-mindset2-lymphography.wcnf,533.175,2952.88,1763.15,2073.59,2616.81,1889.39,2043.62,2039.91,3036.36,2343.16,2334.61,2669.55,132.115,113.376,FAILED,113.376
xai-mindset2-new-thyroid.wcnf,24.637,24.6132,14.5099,663.515,21.0859,402.318,402.516,1258.66,19.0342,1257.28,327.783,327.686,FAILED,FAILED,20.1914,19.0342
xai-mindset2-postoperative-patient-data.wcnf,440.443,FAILED,FAILED,FAILED,FAILED,FAILED,FAILED,FAILED,FAILED,FAILED,FAILED,FAILED,966.238,553.824,FAILED,553.824
xai-mindset2-promoters.wcnf,0.0521,0.0523,0.0857,15.1652,0.0384,23.9281,23.9198,0.0603,0.0395,0.0654,0.08,0.0797,0.0492,1.3237,0.1489,0.0395
xai-mindset2-titanic.wcnf,0.0146,0.0147,0.0094,2.2339,0.0033,2.1717,2.164,0.0317,0.0033,0.0318,0.0453,0.0452,0.0045,4.7951,0.024,0.0033
xai-mindset2-zoo.wcnf,0.0454,0.0455,0.0415,4.3012,0.0272,4.3403,4.3183,0.514,2.5976,0.5146,0.7436,0.7443,0.0336,4.3754,0.0762,0.0336
