Name,CASHWMaxSAT-DisjCom-S6,CASHWMaxSAT-DisjCom-S9,UWrMaxSat-SCIP,EvalMaxSAT,CASHWMaxSAT-DisjCad-S6,CASHWMaxSAT-DisjCad-S9,EvalMaxSAT-SBVA,EvalMaxSAT-SBVA-saveCores,wmaxcdcl-openwbo1200,cgss_default,cgss_abst_cg,wmaxcdcl,Pacose,PacoseMP2,Exact,VBS
abstraction-refinement_wt-downcast-antlr.wcnf,1462.58,1787.13,273.002,996.109,562.708,563.16,1252.76,1207.89,165.193,829.329,716.862,475.557,FAILED,FAILED,FAILED,165.193
abstraction-refinement_wt-downcast-avrora.wcnf,129.042,129.151,128.834,630.498,228.224,227.665,767.999,766.29,63.8481,404.529,370.271,409.708,FAILED,2338.47,515.059,63.8481
abstraction-refinement_wt-downcast-hsqldb.wcnf,573.151,572.386,613.425,836.463,467.2,468.85,1043.19,1001.92,150.514,835.441,717.222,910.768,1071.41,611.123,289.775,150.514
abstraction-refinement_wt-downcast-pmd.wcnf,518.488,519.63,521.916,926.88,618.068,618.039,1059.06,1084.74,98,809.669,885.36,776.487,1279.02,997.047,800.583,98
abstraction-refinement_wt-downcast-xalan.wcnf,174.524,177.009,172.931,696.81,311.702,309.525,875.946,899.59,235.311,499.106,518.815,322.698,3462.22,1897.21,1632.87,172.931
abstraction-refinement_wt-polysite-avrora.wcnf,174.736,174.107,187.168,569.122,168.462,168.422,717.993,722.153,62.5967,339.491,328.105,298.976,560.122,384.912,148.018,62.5967
abstraction-refinement_wt-polysite-bloat.wcnf,1637.88,1609.69,1610.57,1024.4,1187.44,1189.53,1205.51,1200.7,FAILED,1631.26,1436.34,FAILED,FAILED,FAILED,1198.22,1024.4
abstraction-refinement_wt-polysite-hsqldb.wcnf,553.058,504.129,506.271,761.583,510.157,509.502,927.312,935.743,280.225,944.435,790.177,714.965,554.994,618.023,502.227,280.225
abstraction-refinement_wt-polysite-lusearch.wcnf,84.4647,83.6942,84.7846,519.343,157.324,157.815,578.15,627.429,37.9203,313.772,257.481,136.229,1514.1,1257.88,207.413,37.9203
abstraction-refinement_wt-polysite-pmd.wcnf,461.152,451.237,526.641,828.49,471.139,468.589,1017.17,982.936,197.91,983.65,933.766,725.264,FAILED,3498.78,413.516,197.91
abstraction-refinement_wt-polysite-xalan.wcnf,359.454,318.404,323.346,1219.46,868.605,865.397,1462.83,1366.84,831.737,1598.15,2078.75,695.322,FAILED,FAILED,1480.18,318.404
af-synthesis_wt-af-synthesis_stb_50_100_4.wcnf,FAILED,FAILED,FAILED,FAILED,FAILED,FAILED,FAILED,FAILED,3311,FAILED,FAILED,2096.33,1328.65,1307.86,FAILED,1307.86
af-synthesis_wt-af-synthesis_stb_50_120_5.wcnf,FAILED,FAILED,2867.41,2985.48,2139.94,2442.9,FAILED,FAILED,2102.99,FAILED,1877.81,868.466,675.031,565.611,FAILED,565.611
af-synthesis_wt-af-synthesis_stb_50_140_0.wcnf,1998.35,2052.9,3290.78,FAILED,FAILED,FAILED,FAILED,FAILED,2116.05,3049.48,2941.23,1081.53,664.893,498.543,FAILED,498.543
af-synthesis_wt-af-synthesis_stb_50_140_1.wcnf,FAILED,FAILED,3136.98,FAILED,FAILED,FAILED,FAILED,FAILED,2382.33,FAILED,FAILED,1244.45,855.805,803.146,FAILED,803.146
af-synthesis_wt-af-synthesis_stb_50_140_7.wcnf,1827.84,2424.5,2006.88,FAILED,2310.46,2904.59,FAILED,FAILED,2003.01,FAILED,FAILED,1097.38,738.72,580.032,FAILED,580.032
af-synthesis_wt-af-synthesis_stb_50_160_1.wcnf,3386.53,3127.87,3012.42,3476.67,FAILED,2812.47,FAILED,FAILED,1936.22,2601.52,2707.71,722.182,544.449,440.936,FAILED,440.936
af-synthesis_wt-af-synthesis_stb_50_160_5.wcnf,FAILED,FAILED,3536.1,FAILED,FAILED,FAILED,FAILED,FAILED,2514.33,3306.31,FAILED,1248.52,760.347,590.135,FAILED,590.135
af-synthesis_wt-af-synthesis_stb_50_160_9.wcnf,1248.08,1548.57,2148.98,3416.83,2046.59,2311.76,FAILED,2770.77,1811.29,1078.96,1000.2,685.93,534.218,260.656,FAILED,260.656
af-synthesis_wt-af-synthesis_stb_50_20_4.wcnf,3137.26,3438.06,1463.41,FAILED,2823.85,3127.72,FAILED,FAILED,1653.33,1597.61,2851.98,476.263,326.418,274.67,FAILED,274.67
af-synthesis_wt-af-synthesis_stb_50_20_8.wcnf,2643.44,2939.85,1799.91,FAILED,2716.61,3011.81,FAILED,FAILED,1764.42,2855.3,2541.69,716.766,248.463,286.416,FAILED,248.463
af-synthesis_wt-af-synthesis_stb_50_200_0.wcnf,1966.02,1969.93,2504.09,FAILED,2114.06,2407.68,FAILED,FAILED,2173.01,3544.97,2981.13,828.144,541.234,735.201,FAILED,541.234
af-synthesis_wt-af-synthesis_stb_50_200_5.wcnf,2627.53,2942.54,3002.55,FAILED,2202.59,2481.53,FAILED,FAILED,2134.87,1804.28,1710.69,902.425,921.554,889.58,FAILED,889.58
af-synthesis_wt-af-synthesis_stb_50_40_0.wcnf,1931.84,2232.72,1966.89,1962.45,2486.12,2788.44,2492.8,3094.62,1574.39,480.344,918.42,420.719,181.498,183.195,FAILED,181.498
af-synthesis_wt-af-synthesis_stb_50_40_6.wcnf,3300.81,3581.03,2238.55,FAILED,FAILED,FAILED,FAILED,FAILED,2103.11,FAILED,FAILED,1025.54,478.626,602.812,FAILED,478.626
af-synthesis_wt-af-synthesis_stb_50_40_8.wcnf,1848.03,2183.63,3465.75,FAILED,1887.44,2192.54,FAILED,FAILED,2290.29,2356.53,2831.79,1125.73,376.829,453.2,FAILED,376.829
auctions_wt-cat_paths_60_150_0004.txt.wcnf,0.362,0.364,0.3541,180.694,0.4763,0.4779,173.932,181.054,9.822,0.0201,0.0249,3.793,7.6269,8.6966,FAILED,0.0201
auctions_wt-cat_paths_60_70_0007.txt.wcnf,0.08,0.0796,0.008,10.0349,0.0885,0.0875,9.9121,10.022,0.0147,0.0026,0.003,1.1823,0.0304,1.1186,0.672,0.0026
auctions_wt-cat_paths_60_90_0005.txt.wcnf,0.2494,0.2502,0.0131,180.226,0.1889,0.1897,180.451,180.468,0.0203,0.0207,0.0275,0.9837,1.1545,4.3234,22.7528,0.0131
auctions_wt-cat_reg_60_150_0004.txt.wcnf,2.4795,2.4633,4.7785,56.2112,1.8629,1.8615,57.204,63.5814,741.021,0.0379,0.0361,5.7578,3.171,4.2235,10.2843,0.0361
auctions_wt-cat_reg_60_200_0005.txt.wcnf,3.9926,4.1509,403.42,184.847,3.7815,3.7945,227.795,229.781,1214.5,5.1281,5.5416,18.5847,88.5665,65.5537,2266.89,3.7815
auctions_wt-cat_reg_60_220_0002.txt.wcnf,7.4067,7.4225,4.584,45.315,7.9045,7.8997,51.4385,49.5707,1204.74,0.0727,0.0771,4.8554,5.3403,6.0877,3.3177,0.0727
auctions_wt-cat_sched_60_100_0005.txt.wcnf,0.2449,0.2438,0.0164,9.7388,0.1801,0.1801,9.55,9.3357,0.0246,0.0045,0.0044,0.9147,0.0824,1.2046,0.0805,0.0044
auctions_wt-cat_sched_60_160_0001.txt.wcnf,0.8161,0.8177,0.0216,13.3338,0.5391,0.5365,14.0337,14.3154,0.0462,FAILED,FAILED,1.9953,0.1737,1.4001,1.7229,0.0216
auctions_wt-cat_sched_60_160_0004.txt.wcnf,0.4821,0.4671,0.0313,13.6422,0.5367,0.533,13.0648,12.9849,0.0449,0.0113,0.0112,0.0309,0.553,1.804,0.7409,0.0112
auctions_wt-cat_sched_60_190_0001.txt.wcnf,1.4787,1.4822,0.0486,17.8413,0.8149,0.8155,17.1968,17.9111,0.0645,0.0321,0.0647,2.2433,0.5774,1.8393,0.4531,0.0321
auctions_wt-cat_sched_60_190_0002.txt.wcnf,1.2501,1.1973,0.0386,15.8684,0.9501,0.9555,15.823,16.6085,0.0689,0.3459,0.3672,3.9675,0.6685,1.9116,1.7962,0.0386
auctions_wt-cat_sched_60_200_0000.txt.wcnf,3.521,3.549,0.044,30.3042,2.4,2.4053,30.0729,31.9852,0.0609,1.5057,4.6304,1.3317,1.4811,2.7295,17.21,0.044
auctions_wt-cat_sched_60_200_0003.txt.wcnf,1.2011,1.2127,0.0383,22.3283,0.6953,0.6969,23.2399,22.4766,0.0615,14.8556,18.4629,3.8645,0.7295,1.9059,2.2815,0.0383
auctions_wt-cat_sched_60_70_0003.txt.wcnf,0.0757,0.0782,0.0103,8.2447,0.1144,0.1147,9.5629,8.4146,0.0199,0.0037,0.0037,0.0067,0.0503,1.1761,0.0264,0.0037
auctions_wt-cat_sched_60_90_0000.txt.wcnf,0.0933,0.1309,0.0243,9.857,0.1542,0.1541,8.9111,8.9889,0.0186,0.0043,0.004,0.0081,0.3464,1.4209,0.0244,0.004
BTBNSL_wt-Rounded_BTWBNSL_alarm_100_1_3.scores_TWBound_3.wcnf,FAILED,FAILED,FAILED,FAILED,FAILED,FAILED,FAILED,FAILED,FAILED,FAILED,FAILED,FAILED,FAILED,FAILED,FAILED,FAILED
BTBNSL_wt-Rounded_BTWBNSL_asia_10000_1_3.scores_TWBound_3.wcnf,475.468,472.807,59.3852,423.168,190.405,189.604,451.748,500.721,1215.02,1591.84,1167.81,13.5697,6.2501,17.3466,37.303,6.2501
BTBNSL_wt-Rounded_BTWBNSL_Flag.BIC_TWBound_3.wcnf,FAILED,FAILED,FAILED,FAILED,FAILED,FAILED,FAILED,FAILED,FAILED,FAILED,FAILED,FAILED,FAILED,FAILED,FAILED,FAILED
BTBNSL_wt-Rounded_BTWBNSL_Flag.BIC_TWBound_4.wcnf,FAILED,FAILED,FAILED,FAILED,FAILED,FAILED,FAILED,FAILED,FAILED,FAILED,FAILED,FAILED,FAILED,FAILED,FAILED,FAILED
BTBNSL_wt-Rounded_BTWBNSL_hailfinder_1000_1_3.scores_TWBound_2.wcnf,FAILED,FAILED,FAILED,FAILED,FAILED,FAILED,FAILED,FAILED,FAILED,FAILED,FAILED,FAILED,3051.07,FAILED,FAILED,3051.07
BTBNSL_wt-Rounded_BTWBNSL_hailfinder_1000_1_3.scores_TWBound_3.wcnf,FAILED,FAILED,FAILED,FAILED,FAILED,FAILED,FAILED,FAILED,FAILED,FAILED,FAILED,FAILED,FAILED,FAILED,FAILED,FAILED
BTBNSL_wt-Rounded_BTWBNSL_hailfinder_1000_1_3.scores_TWBound_4.wcnf,FAILED,FAILED,FAILED,FAILED,FAILED,FAILED,FAILED,FAILED,FAILED,FAILED,FAILED,FAILED,3207.84,FAILED,FAILED,3207.84
BTBNSL_wt-Rounded_BTWBNSL_hailfinder_10000_1_3.scores_TWBound_3.wcnf,FAILED,FAILED,FAILED,FAILED,FAILED,FAILED,FAILED,FAILED,FAILED,FAILED,FAILED,FAILED,FAILED,FAILED,FAILED,FAILED
BTBNSL_wt-Rounded_BTWBNSL_Hepatitis.BIC_TWBound4.wcnf,FAILED,FAILED,FAILED,FAILED,2612.92,2307.33,FAILED,FAILED,FAILED,2714.59,FAILED,3421.93,440.277,3282.23,FAILED,440.277
BTBNSL_wt-Rounded_BTWBNSL_Horse.BIC_TWBound_2.wcnf,FAILED,FAILED,FAILED,FAILED,FAILED,FAILED,FAILED,FAILED,FAILED,FAILED,FAILED,FAILED,FAILED,FAILED,FAILED,FAILED
BTBNSL_wt-Rounded_BTWBNSL_insurance_100_1_3.scores_TWBound_3.wcnf,1585.57,1879.68,FAILED,FAILED,1359.11,1658.79,FAILED,FAILED,FAILED,FAILED,FAILED,FAILED,471.099,FAILED,FAILED,471.099
BTBNSL_wt-Rounded_BTWBNSL_insurance_1000_1_3.scores_TWBound_3.wcnf,FAILED,FAILED,FAILED,FAILED,FAILED,FAILED,FAILED,FAILED,FAILED,FAILED,FAILED,FAILED,3423.51,FAILED,FAILED,3423.51
BTBNSL_wt-Rounded_BTWBNSL_insurance_1000_1_3.scores_TWBound_4.wcnf,FAILED,FAILED,FAILED,FAILED,FAILED,FAILED,FAILED,FAILED,FAILED,FAILED,FAILED,FAILED,FAILED,FAILED,FAILED,FAILED
BTBNSL_wt-Rounded_BTWBNSL_Water_1000_1_2.scores_TWBound_3.wcnf,769.558,1067.71,132.067,986.862,FAILED,FAILED,1353.2,FAILED,FAILED,FAILED,FAILED,FAILED,347.553,FAILED,FAILED,132.067
BTBNSL_wt-Rounded_BTWBNSL_Wine_TWBound_3.wcnf,FAILED,FAILED,FAILED,FAILED,3008.77,3302.97,FAILED,FAILED,2182.44,FAILED,FAILED,982.054,376.785,3539.81,3569.8,376.785
causal-discovery_wt-causal_Bands_6_277.wcnf,675.4,953.737,55.5185,875.135,696.769,995.409,1045.45,995.152,1327.52,783.207,822.153,131.563,164.19,653.791,2884.02,55.5185
causal-discovery_wt-causal_Diabetes_8_1000.wcnf,633.248,903.617,85.2121,744.902,88.2175,88.526,763.718,619.429,49.4869,49.0964,100.892,87.9614,1467.45,51.3853,13.3604,13.3604
causal-discovery_wt-causal_hailfinder_7_100.wcnf,827.347,1079.75,179.293,1023.77,821.158,1120.79,1067.27,1048.49,3156.91,238.372,1527.84,1987.41,1636.15,1025.5,FAILED,179.293
causal-discovery_wt-causal_Horse.23_7_300.wcnf,607.495,907.451,5.5762,752.736,617.219,917.341,783.257,839.388,1202.55,19.1001,39.6647,20.4728,28.0643,1758.55,5.5873,5.5762
causal-discovery_wt-causal_insurance_8_10000.wcnf,729.336,992.397,85.4428,902.231,436.088,431.663,962.724,968.735,2957.87,207.951,223.783,1760.39,875.188,852.793,1356.84,85.4428
causal-discovery_wt-causal_Mildew_8_1000.wcnf,828.208,1083.93,94.9223,1190.85,982.239,836.362,1261.24,1310.41,FAILED,246.831,247.694,FAILED,FAILED,2032.79,FAILED,94.9223
causal-discovery_wt-causal_n5_i10_N500_uai13_log_int.wcnf,606.879,907.79,8.3916,463.491,611.625,917.208,480.197,474.197,187.269,9.0514,15.039,39.8883,10.9757,14.5122,19.4836,8.3916
causal-discovery_wt-causal_n5_i5_N10000_uai13_log_int.wcnf,608.19,915.337,7.3204,431.779,615.928,915.884,438.351,446.626,182.346,26.8278,20.0813,42.4588,9.7756,20.8011,51.7546,7.3204
causal-discovery_wt-causal_n6_i2_N500_uai13_log_int.wcnf,239.766,239.986,118.99,648.354,940.115,931.255,826.609,823.846,1745.07,508.555,526.935,697.086,87.6158,827.086,413.776,87.6158
causal-discovery_wt-causal_n7_i4_N500_uai14_log_int.wcnf,673.768,1008.38,74.5367,636.304,700.778,1000.83,603.64,739.675,979.591,1555.76,2283.5,182.07,236.39,319.548,FAILED,74.5367
causal-discovery_wt-causal_n7_i5_N10000_uai14_log_int.wcnf,614.574,915.087,6.3087,319.42,630.893,930.748,400.24,409.924,1202.46,33.8406,33.8181,44.8925,29.8884,31.3986,FAILED,6.3087
causal-discovery_wt-causal_n7_i8_N10000_uai14_log_int.wcnf,603.721,905.155,4.0141,267.811,608.704,908.555,274.812,283.547,10.8169,4.1621,4.1386,16.6768,25.9138,20.1734,664.313,4.0141
causal-discovery_wt-causal_n7_i8_N500_uai14_log_int.wcnf,607.889,903.626,3.7641,278.58,610.298,910.188,273.145,290.601,3.8207,5.4531,3.8315,19.547,27.2882,20.0159,FAILED,3.7641
causal-discovery_wt-causal_Water_10_100.wcnf,3194.5,2657.89,1220.07,2071.08,FAILED,FAILED,2144.59,2111.55,1337.68,FAILED,FAILED,831.006,FAILED,FAILED,725.603,725.603
causal-discovery_wt-causal_Water_7_380.wcnf,623.946,919.092,20.8125,917.385,636.1,935.74,963.609,997.066,1280.64,168.976,285.393,88.7526,172.803,3073.34,872.279,20.8125
correlation-clustering_wt-Rounded_CorrelationClustering_Ionosphere_BINARY_N280_D0.200.wcnf,FAILED,FAILED,FAILED,FAILED,FAILED,FAILED,FAILED,FAILED,FAILED,FAILED,FAILED,FAILED,FAILED,FAILED,FAILED,FAILED
correlation-clustering_wt-Rounded_CorrelationClustering_Ionosphere_BINARY_N300_D0.200.wcnf,FAILED,FAILED,FAILED,FAILED,FAILED,FAILED,FAILED,FAILED,FAILED,FAILED,FAILED,FAILED,FAILED,FAILED,FAILED,FAILED
correlation-clustering_wt-Rounded_CorrelationClustering_Orl_BINARY_N300_D0.200.wcnf,628.285,927.991,24.5312,1205.89,649.846,949.979,1233.79,1331.59,FAILED,33.452,40.1175,FAILED,FAILED,FAILED,FAILED,24.5312
correlation-clustering_wt-Rounded_CorrelationClustering_Protein1_BINARY_N240.wcnf,625.98,926.165,27.0396,887.072,624.83,924.557,909.564,900.32,FAILED,22.9933,25.7958,FAILED,FAILED,FAILED,FAILED,22.9933
correlation-clustering_wt-Rounded_CorrelationClustering_Protein1_BINARY_N320.wcnf,688.783,989.06,FAILED,1384.71,682.227,981.913,1260.81,1231.9,FAILED,101.795,99.3289,FAILED,FAILED,FAILED,FAILED,99.3289
correlation-clustering_wt-Rounded_CorrelationClustering_Protein1_BINARY_N400.wcnf,921.142,1273.97,FAILED,1601.45,921.862,1220.82,1875.89,1876.96,FAILED,579.136,351.438,FAILED,FAILED,FAILED,FAILED,351.438
correlation-clustering_wt-Rounded_CorrelationClustering_Protein1_TRANSITIVE_N270.wcnf,143.125,155.316,139.767,1739.88,435.302,437.625,1874.76,1662.14,1420.18,396.172,443.228,FAILED,FAILED,FAILED,50.7602,50.7602
correlation-clustering_wt-Rounded_CorrelationClustering_Protein1_UNARY_N250.wcnf,1728.98,1266.56,FAILED,FAILED,FAILED,FAILED,FAILED,FAILED,FAILED,2581.76,2423.06,FAILED,FAILED,FAILED,FAILED,1266.56
correlation-clustering_wt-Rounded_CorrelationClustering_Protein2_TRANSITIVE_N120.wcnf,4.9064,5.531,3.946,214.912,9.0641,9.0583,253.918,261.782,190.666,6.347,10.2171,109.217,FAILED,3424.82,226.842,3.946
correlation-clustering_wt-Rounded_CorrelationClustering_Protein3_TRANSITIVE_N200.wcnf,82.4947,95.8435,50.7083,1559.22,207.812,208.024,1673.05,2274.64,1674.11,189.663,270.77,2664.84,FAILED,FAILED,89.2987,50.7083
correlation-clustering_wt-Rounded_CorrelationClustering_Protein3_TRANSITIVE_N220.wcnf,87.7953,87.8313,74.715,564.909,259.747,259.317,748.303,764.281,1556.79,219.661,262.104,FAILED,FAILED,FAILED,FAILED,74.715
correlation-clustering_wt-Rounded_CorrelationClustering_Protein4_BINARY_N360.wcnf,FAILED,FAILED,FAILED,FAILED,FAILED,FAILED,FAILED,FAILED,FAILED,FAILED,FAILED,FAILED,FAILED,FAILED,FAILED,FAILED
correlation-clustering_wt-Rounded_CorrelationClustering_Protein4_BINARY_N400.wcnf,FAILED,FAILED,FAILED,FAILED,FAILED,FAILED,FAILED,FAILED,FAILED,FAILED,FAILED,FAILED,FAILED,FAILED,FAILED,FAILED
correlation-clustering_wt-Rounded_CorrelationClustering_Protein4_TRANSITIVE_N190.wcnf,50.1482,42.9523,35.9271,465.177,75.9956,76.0376,642.698,660.876,272.123,800.637,684.682,197.402,FAILED,FAILED,FAILED,35.9271
correlation-clustering_wt-Rounded_CorrelationClustering_Vowel_BINARY_N700_D0.200.wcnf,FAILED,FAILED,FAILED,FAILED,FAILED,FAILED,FAILED,FAILED,FAILED,FAILED,FAILED,FAILED,FAILED,FAILED,FAILED,FAILED
CSG_wt-CSG140-140-46.wcnf,5.4998,5.8806,5.4231,444.82,3.123,3.1177,525.277,522.654,0.6178,2.527,2.8541,25.9953,18.7548,32.6176,5.924,0.6178
CSG_wt-CSG140-140-6.wcnf,43.9407,38.6501,84.9917,1415.28,54.9766,54.8515,1213.91,1085.78,1254.77,70.2826,107.681,54.7687,244.423,338.951,76.2725,38.6501
CSG_wt-CSG150-150-55.wcnf,13.9667,15.4739,21.2462,768.203,21.3722,21.458,872.181,988.261,197.313,42.3178,38.8321,38.093,303.726,250.413,24.7809,13.9667
CSG_wt-CSG40-40-95.wcnf,3.2315,3.2356,0.0923,11.1362,2.7584,2.7515,11.519,11.3253,0.0231,0.0365,0.0373,2.1468,0.0612,1.1277,0.0678,0.0231
CSG_wt-CSG60-60-88.wcnf,5.8735,5.8537,0.3172,25.5599,5.5105,5.5091,26.7562,28.2918,0.0525,0.1198,0.116,6.7047,0.2769,1.574,0.2427,0.0525
CSG_wt-CSGNaive140-140-0.wcnf,5.7586,5.7478,5.6315,469.926,3.8208,3.839,548.069,549.232,3.0662,2.1713,2.3413,25.6897,22.2801,13.8079,4.0031,2.1713
CSG_wt-CSGNaive140-140-6.wcnf,42.3544,42.1694,91.0113,1244.43,69.4805,69.3962,1385.44,1488.37,1272.66,97.8239,231.256,72.7122,703.96,400.117,170.088,42.1694
CSG_wt-CSGNaive150-150-55.wcnf,24.5325,25.7803,22.6104,754.523,26.0221,26.0529,902.508,898.342,1231.97,82.8352,88.0816,59.6835,340.697,364.223,47.2003,22.6104
CSG_wt-CSGNaive60-60-53.wcnf,14.5759,14.6501,0.3403,26.9764,28.5897,28.7446,31.982,28.4047,0.0564,0.1343,0.1334,9.0944,0.5476,1.8085,0.2686,0.0564
CSG_wt-CSGNaive70-70-91.wcnf,10.8804,10.8535,0.5159,22.4128,10.8046,10.8008,27.0395,26.172,0.0712,0.1635,0.1663,4.7042,0.3911,2.67,0.3902,0.0712
css-refactoring_wt-amazon.dimacs.wcnf,1962.07,1731.22,25.2414,1587.55,1728.33,2293.91,1754.82,1808.41,262.622,68.1863,69.4666,105.052,120.513,229.831,452.797,25.2414
css-refactoring_wt-archlinux.dimacs.wcnf,4.1128,4.1031,0.0854,182.253,3.951,3.9537,183.131,183.604,0.1864,0.0591,0.1124,1.1487,0.2972,4.5477,0.1937,0.0591
css-refactoring_wt-dblp.dimacs.wcnf,74.2973,71.7756,1.038,231.878,74.0943,74.0241,343.433,397.683,12.7882,3.4533,5.2102,7.2622,4.6241,10.5193,5.6525,1.038
css-refactoring_wt-ebay.dimacs.wcnf,742.21,739.674,7.5962,969.416,859.271,1017.3,1035.13,1276.87,126.595,17.7395,28.5526,55.6247,66.5746,98.7616,203.232,7.5962
css-refactoring_wt-facebook1.dimacs.wcnf,203.703,206.7,1.5504,360.452,298.075,297.536,328.044,424.667,30.8187,2.2109,2.5575,14.5622,9.5229,22.5646,14.8906,1.5504
css-refactoring_wt-github.dimacs.wcnf,2123.03,1941.66,19.5656,1668.28,782.576,1083.07,1770.64,1910.84,385.441,56.6201,76.0591,152.275,222.752,197.232,495.875,19.5656
css-refactoring_wt-guardian.dimacs.wcnf,1102.54,2137.98,11.569,1109.66,704.556,1004.83,1194.86,1168.14,211.752,21.7422,24.0425,189.593,112.883,139.663,286.876,11.569
css-refactoring_wt-londonist.dimacs.wcnf,142.534,128.167,1.3827,479.893,148.53,147.748,569.027,812.512,16.1882,4.1395,36.1199,8.4975,11.0276,18.1591,72.1287,1.3827
css-refactoring_wt-openstreetmap.dimacs.wcnf,104.841,102.633,1.0853,595.633,180.751,179.932,683.89,838.394,17.4811,5.6284,6.7727,9.4349,19.4255,21.1211,30.8716,1.0853
css-refactoring_wt-wikipedia.dimacs.wcnf,8.6618,8.4809,0.1734,195.022,15.0435,14.9732,189.6,189.477,4.5595,0.1286,0.1434,1.5983,0.9028,5.9286,0.6025,0.1286
css-refactoring_wt-youtube.dimacs.wcnf,628.349,927.193,20.3235,1518.51,704.952,1005.91,1679.3,1861.68,1325.75,52.3413,41.5028,243.033,FAILED,FAILED,1375.01,20.3235
dalculus_wt-f1-DataDisplay_0_order4.seq-A-2-combined-irabcde.wcnf,0.0806,0.0831,0.0113,7.4978,0.6548,0.6537,7.5728,7.5187,0.0126,0.0085,0.0086,1.9975,0.0128,2.306,0.0444,0.0085
dalculus_wt-f1-DataDisplay_0_order4.seq-A-3-1-abcdeir.wcnf,0.0341,0.0348,0.0087,4.4177,0.0564,0.0563,4.488,4.1557,0.0132,0.0054,0.0054,0.7297,0.0076,2.3383,0.0283,0.0054
dalculus_wt-f1-DataDisplay_0_order4.seq-A-3-combined-EDCBAir.wcnf,0.0546,0.0523,0.0095,5.2303,0.0939,0.0943,4.5519,4.4715,0.0144,0.0066,0.0061,0.7362,0.0085,2.3247,0.0339,0.0061
dalculus_wt-f1-DataDisplay_0_order4.seq-B-2-2-irEDCBA.wcnf,0.1767,0.1644,0.0152,9.6642,0.6636,0.6631,10.0647,9.8401,0.0412,0.0103,0.0098,2.11866,0.0229,2.2911,0.0458,0.0098
dalculus_wt-f1-DataDisplay_0_order4.seq-B-2-combined-EDCBAir.wcnf,0.2393,0.2425,0.0155,5.5259,0.4975,0.4966,5.511,5.6084,0.0143,0.0108,0.0112,0.9958,0.0137,2.286,0.0498,0.0108
dalculus_wt-f1-DataDisplay_0_order4.seq-B-3-2-abcdeir.wcnf,0.0378,0.0377,0.0092,3.3718,0.0632,0.0632,3.3764,3.519,0.0137,0.0054,0.006,0.7377,0.0076,3.4969,0.0317,0.0054
dalculus_wt-f1-DataDisplay_0_order4.seq-B-3-combined-EDCBAir.wcnf,0.0542,0.0539,0.0094,4.9962,0.1226,0.1224,4.8142,4.9965,0.0148,0.0063,0.0063,0.6855,0.0092,2.2998,0.0327,0.0063
dalculus_wt-f49-DC_TotalLoss.seq-A-2-combined-irabcde.wcnf,4.6374,4.6443,0.8343,235.732,130.772,130.348,288.886,288.991,0.0981,0.3588,0.3633,41.0405,FAILED,FAILED,0.2689,0.0981
dalculus_wt-f49-DC_TotalLoss.seq-A-3-1-EDCBAir.wcnf,41.5119,42.328,1.0781,266.582,114.778,114.676,591.888,591.035,0.6196,0.5812,0.7399,8.3574,0.9812,5.191,5.379,0.5812
dalculus_wt-f49-DC_TotalLoss.seq-B-2-2-irEDCBA.wcnf,77.4539,77.2848,0.8277,615.89,805.283,1479.9,616.126,620.429,0.3086,0.3612,0.3715,75.0098,FAILED,FAILED,0.3771,0.3086
dalculus_wt-f49-DC_TotalLoss.seq-B-2-combined-abcdeir.wcnf,64.7302,64.5791,1.5797,247.831,101.054,100.737,269.796,270.152,0.2625,0.1382,0.2089,13.272,0.2028,3.4981,1.3625,0.1382
dalculus_wt-f49-DC_TotalLoss.seq-B-2-combined-irabcde.wcnf,5.4402,5.0457,0.8003,516.941,155.162,154.896,212.999,214.688,0.1065,0.353,0.3593,119.614,FAILED,FAILED,0.2963,0.1065
dalculus_wt-f49-DC_TotalLoss.seq-B-2-combined-irEDCBA.wcnf,9.5121,9.553,0.906,619.897,927.255,889.156,620.823,649.241,0.6451,0.4062,0.4161,61.5808,FAILED,FAILED,0.2944,0.2944
dalculus_wt-f49-DC_TotalLoss.seq-B-3-1-abcdeir.wcnf,60.0551,65.6952,1.188,586.317,1201.73,1501.81,590.022,589.794,0.7728,0.7329,0.5246,8.0373,0.8946,5.7725,0.6914,0.5246
dalculus_wt-f49-DC_TotalLoss.seq-B-3-combined-irEDCBA.wcnf,487.786,488.607,2.1411,586.383,2402.74,2702.79,592.492,591.682,1.305,0.572,0.6043,5.6033,1.033,4.4113,0.798,0.572
decision-tree-australian-credit-un-formula_0.8_2021_atleast_15_max-3_reduced_incomplete_adaboost_2.wcnf,FAILED,FAILED,FAILED,FAILED,FAILED,FAILED,FAILED,FAILED,FAILED,FAILED,FAILED,FAILED,FAILED,FAILED,FAILED,FAILED
decision-tree-australian-credit-un-formula_0.8_2021_atleast_15_max-3_reduced_incomplete_adaboost_5.wcnf,FAILED,FAILED,FAILED,FAILED,FAILED,FAILED,FAILED,FAILED,FAILED,FAILED,FAILED,FAILED,FAILED,FAILED,FAILED,FAILED
decision-tree-australian-credit-un-formula_0.8_2021_atleast_63_max-5_reduced_incomplete_adaboost_3.wcnf,FAILED,FAILED,FAILED,FAILED,FAILED,FAILED,FAILED,FAILED,FAILED,FAILED,FAILED,FAILED,FAILED,FAILED,FAILED,FAILED
decision-tree-australian-credit-un-formula_0.8_2021_atleast_63_max-5_reduced_incomplete_adaboost_5.wcnf,FAILED,FAILED,FAILED,FAILED,FAILED,FAILED,FAILED,FAILED,FAILED,FAILED,FAILED,FAILED,FAILED,FAILED,FAILED,FAILED
decision-tree-heart-cleveland-un-formula_0.8_2021_atleast_127_max-6_reduced_incomplete_adaboost_5.wcnf,FAILED,FAILED,FAILED,FAILED,FAILED,FAILED,FAILED,FAILED,FAILED,FAILED,FAILED,FAILED,FAILED,FAILED,FAILED,FAILED
decision-tree-heart-cleveland-un-formula_0.8_2021_atleast_15_max-3_reduced_incomplete_adaboost_5.wcnf,FAILED,FAILED,FAILED,FAILED,FAILED,FAILED,FAILED,FAILED,FAILED,FAILED,FAILED,FAILED,FAILED,FAILED,FAILED,FAILED
decision-tree-heart-cleveland-un-formula_0.8_2021_atleast_15_max-3_reduced_incomplete_adaboost_6.wcnf,FAILED,FAILED,FAILED,FAILED,FAILED,FAILED,FAILED,FAILED,FAILED,FAILED,FAILED,FAILED,FAILED,FAILED,FAILED,FAILED
decision-tree-primary-tumor-un-formula_0.8_2021_atleast_127_max-6_reduced_incomplete_adaboost_4.wcnf,FAILED,FAILED,FAILED,FAILED,FAILED,FAILED,FAILED,FAILED,FAILED,FAILED,FAILED,FAILED,FAILED,FAILED,FAILED,FAILED
decision-tree-primary-tumor-un-formula_0.8_2021_atleast_15_max-3_reduced_incomplete_adaboost_2.wcnf,FAILED,FAILED,FAILED,FAILED,FAILED,FAILED,FAILED,FAILED,FAILED,FAILED,FAILED,FAILED,FAILED,FAILED,FAILED,FAILED
decision-tree-primary-tumor-un-formula_0.8_2021_atleast_31_max-4_reduced_incomplete_adaboost_3.wcnf,FAILED,FAILED,FAILED,FAILED,FAILED,FAILED,FAILED,FAILED,FAILED,FAILED,FAILED,FAILED,FAILED,FAILED,FAILED,FAILED
decision-tree-primary-tumor-un-formula_0.8_2021_atleast_63_max-5_reduced_incomplete_adaboost_4.wcnf,FAILED,FAILED,FAILED,FAILED,FAILED,FAILED,FAILED,FAILED,FAILED,FAILED,FAILED,FAILED,FAILED,FAILED,FAILED,FAILED
decision-tree-primary-tumor-un-formula_0.8_2021_atleast_63_max-5_reduced_incomplete_adaboost_5.wcnf,FAILED,FAILED,FAILED,FAILED,FAILED,FAILED,FAILED,FAILED,FAILED,FAILED,FAILED,FAILED,FAILED,FAILED,FAILED,FAILED
decision-tree-tic-tac-toe-un-formula_0.8_2021_atleast_127_max-6_reduced_incomplete_adaboost_3.wcnf,FAILED,FAILED,FAILED,FAILED,FAILED,FAILED,FAILED,FAILED,FAILED,FAILED,FAILED,FAILED,FAILED,FAILED,FAILED,FAILED
decision-tree-tic-tac-toe-un-formula_0.8_2021_atleast_127_max-6_reduced_incomplete_adaboost_5.wcnf,FAILED,FAILED,FAILED,FAILED,FAILED,FAILED,FAILED,FAILED,FAILED,FAILED,FAILED,FAILED,FAILED,FAILED,FAILED,FAILED
decision-tree-tic-tac-toe-un-formula_0.8_2021_atleast_31_max-4_reduced_incomplete_adaboost_2.wcnf,FAILED,FAILED,FAILED,FAILED,FAILED,FAILED,FAILED,FAILED,FAILED,FAILED,FAILED,FAILED,FAILED,FAILED,FAILED,FAILED
drmx-cryptogen_wt-geffe128_1.wcnf,2416.56,2716.6,9.5084,644.159,1918.75,1618.15,582.884,565.692,21.8671,146.795,147.247,FAILED,FAILED,FAILED,268.704,9.5084
drmx-cryptogen_wt-geffe128_2.wcnf,1230.78,1532.54,13.2801,605.698,1217.11,1517.46,599.926,599.911,86.68,11.8847,10.5102,FAILED,FAILED,FAILED,181.621,10.5102
drmx-cryptogen_wt-geffe128_3.wcnf,1261.1,1568.82,10.5642,681.859,1302.21,1602.07,698.444,698.091,250.082,76.4073,76.2577,FAILED,FAILED,FAILED,1166.28,10.5642
drmx-cryptogen_wt-geffe128_8.wcnf,1243.73,1548.21,55.9903,608.86,1950.66,1650.61,595.819,595.767,90.3555,15.9261,15.9977,FAILED,FAILED,FAILED,321.267,15.9261
drmx-cryptogen_wt-geffe128_9.wcnf,1256.99,2154.21,26.7765,604.717,1902.41,2202.24,610.423,612.4,114.303,90.3974,90.4445,FAILED,FAILED,FAILED,992.673,26.7765
drmx-cryptogen_wt-threshold128_0.wcnf,2080.36,2380.87,156.282,674.143,1923.57,1623.91,733.057,715.161,122.19,280.469,282.893,FAILED,FAILED,FAILED,2889.29,122.19
drmx-cryptogen_wt-threshold128_1.wcnf,1237.72,1537.74,48.4757,668.434,1522.09,1821.37,697.599,716.643,147.77,458.526,350.438,FAILED,FAILED,FAILED,1098.82,48.4757
drmx-cryptogen_wt-threshold128_2.wcnf,1319.03,1619.23,40.7739,663.109,1318.59,1618.73,596.795,599.888,46.4262,2884,2881.87,FAILED,FAILED,FAILED,296.299,40.7739
drmx-cryptogen_wt-threshold128_6.wcnf,1465.2,2339.43,104.119,666.01,2243.94,1943.18,605.099,605.561,155.24,87.1245,87.4331,FAILED,FAILED,FAILED,636.879,87.1245
drmx-cryptogen_wt-threshold128_8.wcnf,1397.96,1697.98,385.81,702.676,1912.51,2212.63,959.925,1041.27,575.754,67.8143,68.0427,FAILED,FAILED,FAILED,343.98,67.8143
drmx-cryptogen_wt-wolfram72_0.wcnf,1206.63,1548.23,6.6318,598.537,1310.75,1610.47,607.167,588.446,250.941,3.8699,3.0864,FAILED,FAILED,FAILED,674.254,3.0864
drmx-cryptogen_wt-wolfram72_1.wcnf,1236.92,1509.69,4.6533,605.043,1339.77,1607.89,605.068,606.117,205.806,11.9933,10.8587,FAILED,FAILED,FAILED,764.478,4.6533
drmx-cryptogen_wt-wolfram72_6.wcnf,1213.11,1518.92,15.6686,600.592,1351.29,1665.26,617.09,617.018,165.348,7.4922,7.5082,FAILED,FAILED,FAILED,655.832,7.4922
drmx-cryptogen_wt-wolfram80_7.wcnf,22.3223,25.755,8.415,200.003,75.4438,75.7041,206.84,208.164,277.775,10.7084,10.7481,FAILED,FAILED,FAILED,1214.04,8.415
drmx-cryptogen_wt-wolfram80_8.wcnf,15.6979,13.2889,69.2996,200.339,89.3608,88.9741,207.707,201.658,284.479,9.5265,9.6919,FAILED,FAILED,FAILED,2570.12,9.5265
frb_wt-frb10-6-1.wcnf,0.1989,0.1974,0.0097,4.1435,0.1951,0.1946,4.5427,8.472,0.0215,0.0042,0.0044,1.8432,0.012,2.2133,0.1428,0.0042
frb_wt-frb10-6-5.wcnf,0.4429,0.4544,0.0114,4.4959,0.4378,0.438,4.1828,4.5076,0.0282,0.0038,0.0037,1.8571,0.0134,2.2184,0.2767,0.0037
frb_wt-frb15-9-1.wcnf,0.7066,0.6585,0.027,10.4439,0.6568,0.6556,10.1871,10.1067,374.75,0.0606,0.0564,10.6742,0.1676,2.3305,194.715,0.027
frb_wt-frb15-9-4.wcnf,1.4178,1.4109,0.032,10.7855,1.4015,1.4004,10.414,10.0893,799.117,0.0173,0.0274,7.5551,0.1707,2.3384,49.8315,0.0173
frb_wt-frb20-11-1.wcnf,14.745,15.5466,0.0457,23.0467,13.5515,13.5257,21.2842,21.6133,1202.09,1.0934,1.4741,1720.79,0.6211,2.6313,FAILED,0.0457
frb_wt-frb20-11-2.wcnf,7.7625,7.2377,0.0611,20.9536,7.179,7.1666,21.2348,21.7861,1201.37,0.1049,0.0978,2610.28,0.3926,2.5734,3414.64,0.0611
frb_wt-frb20-11-3.wcnf,15.7422,17.5884,0.0554,45.9371,15.7348,15.6423,44.9864,50.1742,1220.78,5.5377,8.5431,819.301,0.2237,2.597,FAILED,0.0554
frb_wt-frb20-11-5.wcnf,7.9458,8.0852,0.0816,24.3208,7.4726,7.4892,22.7395,23.3728,1201.95,0.0328,0.0335,1352.94,0.4579,2.6086,1053.72,0.0328
frb_wt-frb25-13-2.wcnf,190.401,197.709,0.2443,208.977,184.336,184.339,202.292,200.29,FAILED,835.96,1187.13,FAILED,2.1769,4.6947,FAILED,0.2443
frb_wt-frb30-15-1.wcnf,1213.13,1512.4,8.8316,378.173,2078.76,2377.36,377.985,378.293,FAILED,245.042,348.298,FAILED,12.9374,14.6502,FAILED,8.8316
frb_wt-frb30-15-3.wcnf,1200.7,1500.69,0.8396,FAILED,1693.11,1998.57,FAILED,FAILED,1215.98,1.5449,0.6163,FAILED,19.2964,19.4645,FAILED,0.6163
frb_wt-frb35-17-2.wcnf,1823.21,2123.34,13.9608,FAILED,3058.47,3352.01,FAILED,FAILED,FAILED,1443.04,807.366,FAILED,276.394,321.366,FAILED,13.9608
frb_wt-frb35-17-3.wcnf,1222.17,2125.64,3.5175,1337.67,3275.58,2936.68,1558.79,FAILED,1315.7,1.0683,24.1145,FAILED,23.8941,30.1317,FAILED,1.0683
frb_wt-frb40-19-3.wcnf,2898.11,FAILED,2904.49,FAILED,FAILED,FAILED,FAILED,FAILED,FAILED,FAILED,FAILED,FAILED,531.214,631.768,FAILED,531.214
frb_wt-frb40-19-4.wcnf,1372.84,1693.33,344.293,FAILED,3286.96,3597.96,FAILED,FAILED,FAILED,FAILED,FAILED,FAILED,237.899,206.721,FAILED,206.721
haplotyping-pedigrees_wt-ped2.B.recomb1-0.01-3.wcnf,17.095,15.6046,0.7787,20.7589,0.9399,0.943,39.9364,40.6307,0.275,0.599,0.5948,1.7612,1.3677,7.6573,10.2843,0.275
haplotyping-pedigrees_wt-ped2.G.recomb1-0.20-14.wcnf,12.6239,10.987,10.9298,158.435,15.8121,15.5428,362.8,378.307,22.2426,12.9149,13.1668,149.803,150.758,157.35,33.5821,10.9298
haplotyping-pedigrees_wt-ped2.G.recomb10-0.01-3.wcnf,618.386,919.097,18.0218,597.208,38.8962,38.9036,813.691,871.886,15.0761,35.1654,35.0947,1001.58,154.817,70.7131,25.5469,15.0761
haplotyping-pedigrees_wt-ped2.G.recomb10-0.10-8.wcnf,627.159,927.345,26.209,657.326,48.7686,48.7993,915.487,960.844,253.342,41.7677,41.6097,2052.7,194.55,123.358,33.6276,26.209
haplotyping-pedigrees_wt-ped2.G.recomb10-0.10-9.wcnf,625.553,925.548,23.4234,607.869,44.5752,44.5447,854.542,893.617,14.7644,48.4003,43.1784,979.529,178.692,113.425,25.8984,14.7644
haplotyping-pedigrees_wt-ped2.G.recomb10-0.20-12.wcnf,49.9252,40.8016,41.733,710.692,64.704,64.5024,954.846,978.229,249.302,61.9514,63.6781,FAILED,260.764,215.303,58.4335,40.8016
haplotyping-pedigrees_wt-ped2.G.recomb10-0.20-13.wcnf,67.9814,67.8092,71.3211,614.391,73.5323,73.3651,875.468,903.145,FAILED,63.5642,63.8733,FAILED,811.779,1159.42,FAILED,63.5642
haplotyping-pedigrees_wt-ped2.G.recomb5-0.01-3.wcnf,614.047,885.26,12.4461,444.915,24.2334,24.2593,663.279,695.788,9.8655,26.3451,21.8704,269.1,88.0051,59.7584,22.6996,9.8655
haplotyping-pedigrees_wt-ped2.G.recomb5-0.01-5.wcnf,610.867,910.124,8.7297,378.811,18.2199,18.1359,582.246,613.83,7.3135,15.7319,15.7057,74.1634,101.33,45.9011,21.8373,7.3135
haplotyping-pedigrees_wt-ped3.D.recomb10-0.20-15.wcnf,1210.3,1510.52,11.0224,491.504,1809.5,1509.5,504.343,563.884,10.3009,7.1788,4.0282,12.6982,12.1093,18.7867,108.938,4.0282
haplotyping-pedigrees_wt-ped3.F.recomb10-0.20-13.wcnf,603.383,904.07,2.5769,457.042,3.1457,3.151,502.15,511.901,10.4979,1.7809,1.7433,13.5413,15.6504,24.5893,8.8191,1.7433
haplotyping-pedigrees_wt-ped3.G.recomb10-0.01-1.wcnf,585.019,904.468,3.6508,747.19,612.824,911.921,805.753,850.872,8.3022,6.3629,6.25,401.076,18.497,15.1379,7.3493,3.6508
haplotyping-pedigrees_wt-ped3.G.recomb10-0.01-2.wcnf,2403.39,2703.52,2.6597,673.274,6.2938,6.3068,393.974,396.236,4.7925,4.4972,4.2971,134.726,24.6387,13.7494,5.3043,2.6597
haplotyping-pedigrees_wt-ped3.G.recomb10-0.10-9.wcnf,607.932,908.065,9.3398,770.993,14.0897,14.0305,485.082,541.583,11.3547,15.9829,15.1966,372.521,32.3132,33.0626,12.9844,9.3398
haplotyping-pedigrees_wt-ped3.G.recomb10-0.20-14.wcnf,609.409,909.299,11.3057,762.861,14.2713,14.2891,454.587,487.228,363.054,13.9592,9.7277,FAILED,39.8893,50.8811,25.8827,9.7277
IMLIB-depressed_81_48_16_1_7_5.wcnf,34.8597,34.607,0.2012,64.1333,39.913,39.9493,53.1253,53.9958,0.0446,0.1566,0.3382,3.0281,0.0764,1.1236,0.1257,0.0446
IMLIB-depressed_81_55_16_1_7_5.wcnf,225.294,224.078,0.2821,127.889,116.912,116.633,44.7416,44.7346,0.0744,0.1838,0.1646,2.9509,0.1301,1.1636,0.1312,0.0744
IMLIB-depressed_81_6_16_1_7_5.wcnf,13.1243,13.6363,0.1284,21.8181,15.2163,15.2478,23.0713,23.0719,0.0266,0.0563,0.0774,2.5405,0.0575,2.2008,0.1291,0.0266
IMLIB-depressed_81_60_16_1_7_5.wcnf,12.5016,11.9361,0.1199,21.1203,21.0652,21.0711,22.126,22.2993,0.0255,0.0441,0.0449,0.309,0.0426,2.1576,0.1161,0.0255
IMLIB-depressed_81_61_16_1_7_5.wcnf,48.2032,96.4844,0.1784,117.764,52.5036,52.4905,44.4243,44.4992,0.0425,0.1384,0.1364,2.9962,0.0669,1.1445,0.1712,0.0425
IMLIB-depressed_81_62_16_1_7_5.wcnf,8.636,8.6207,0.1303,21.6586,17.1122,17.1323,24.7499,24.7613,0.0265,0.0564,0.066,2.5006,0.0525,2.1594,0.1238,0.0265
IMLIB-depressed_81_7_16_1_7_5.wcnf,429.292,429.099,0.2577,424.418,364.469,364.594,213.71,213.688,0.1198,0.3409,0.3387,2.9189,0.1114,1.1667,0.2195,0.1114
IMLIB-ionosphere_40_11_8_2_2_5.wcnf,0.5503,0.5531,0.0337,20.1945,0.5492,0.5466,20.2644,20.2595,0.0133,0.0103,0.0103,3.2861,0.0126,1.0305,0.0316,0.0103
IMLIB-pima_44_13_16_1_6_5.wcnf,22.0013,22.0113,0.1452,42.178,44.5859,44.5462,39.8807,39.4443,0.0316,0.12,0.1183,1.906,0.0613,2.1443,0.0873,0.0316
IMLIB-pima_44_24_16_1_6_5.wcnf,51.1626,51.6858,0.161,61.653,76.3587,76.5153,38.0064,38.0181,0.0288,0.1688,0.1723,1.7392,0.0445,2.1503,0.1019,0.0288
IMLIB-pima_44_27_16_1_6_5.wcnf,22.0982,22.1853,0.085,34.1112,10.5166,10.5358,24.734,24.8798,0.0214,0.0486,0.048,0.1581,0.0522,2.1601,0.0823,0.0214
IMLIB-pima_44_4_16_1_6_5.wcnf,16.7704,16.7293,0.1271,47.1116,57.4837,57.4445,37.0762,38.644,0.0362,0.168,0.1675,1.8671,0.0925,2.1479,0.0831,0.0362
IMLIB-pima_44_42_15_1_6_5.wcnf,46.048,46.195,0.1048,48.3607,211.869,211.905,79.0626,78.5796,0.0262,0.0868,0.083,1.9435,0.0673,2.1717,0.0877,0.0262
IMLIB-transfusion_85_7_8_1_2_5.wcnf,5.3677,5.535,0.0149,9.9492,2.9166,2.9186,8.1129,8.2757,0.0124,0.0066,0.0066,1.1379,0.0149,1.0897,0.0243,0.0066
IMLIB-transfusion_85_8_8_1_2_5.wcnf,1.0162,1.0065,0.02,7.7059,1.4802,1.4837,7.1005,7.1811,0.0114,0.0096,0.0096,0.0207,0.0097,2.1723,0.0178,0.0096
IMLIB-wdbc_32_16_16_1_2_5.wcnf,9.9176,9.9349,0.0743,20.503,7.9892,7.9812,20.8615,20.8651,0.0179,0.0253,0.0254,0.1943,0.0216,2.1672,0.0619,0.0179
judgment-aggregation-ja-kemeny-preflib-00043-00000180.wcnf,287.814,288.597,315.722,416.448,624.915,625.362,443.104,442.425,1734.71,FAILED,FAILED,765.302,FAILED,FAILED,FAILED,287.814
judgment-aggregation-ja-kemeny-preflib-00049-00000107.wcnf,8.8519,8.8752,410.141,190.014,10.8688,10.8763,184.49,191.435,1383.62,FAILED,FAILED,183.518,FAILED,FAILED,FAILED,8.8519
judgment-aggregation-ja-kemeny-preflib-00049-00000287.wcnf,144.793,144.602,576.129,341.697,148.403,148.604,359.282,358.468,FAILED,FAILED,FAILED,FAILED,FAILED,FAILED,FAILED,144.602
judgment-aggregation-ja-kemeny-preflib-00049-00000300.wcnf,444.332,399.002,775.493,FAILED,580.07,578.528,524.31,511.268,FAILED,FAILED,FAILED,FAILED,FAILED,FAILED,FAILED,399.002
judgment-aggregation-ja-kemeny-preflib-00049-00000334.wcnf,262.536,261.884,616.034,404.377,221.829,221.532,424.567,429.188,FAILED,FAILED,FAILED,FAILED,FAILED,FAILED,FAILED,221.532
judgment-aggregation-ja-kemeny-preflib-00049-00000353.wcnf,262.627,262.7,571.659,409.507,97.9984,97.7089,371.659,373.612,1753.62,FAILED,FAILED,560.469,FAILED,FAILED,FAILED,97.7089
judgment-aggregation-ja-kemeny-preflib-00049-00000377.wcnf,310.392,297.307,615.456,509.609,300.542,297.781,547.035,558.972,FAILED,FAILED,FAILED,FAILED,FAILED,FAILED,FAILED,297.307
judgment-aggregation-ja-kemeny-preflib-00049-00000405.wcnf,3.4773,3.5802,399.812,184.663,4.3775,4.3822,184.047,184.057,1257.86,FAILED,FAILED,39.3706,FAILED,FAILED,FAILED,3.4773
judgment-aggregation-ja-kemeny-preflib-00049-00000451.wcnf,742.04,708.947,1028.05,FAILED,FAILED,FAILED,FAILED,FAILED,FAILED,FAILED,FAILED,FAILED,FAILED,FAILED,FAILED,708.947
judgment-aggregation-ja-kemeny-preflib-00049-00000454.wcnf,1598.3,1565.88,2714.88,FAILED,2191.32,1852.01,FAILED,FAILED,FAILED,FAILED,FAILED,FAILED,FAILED,FAILED,FAILED,1565.88
judgment-aggregation-ja-kemeny-preflib-00049-00000468.wcnf,159.195,156.841,555.771,400.395,156.013,156.276,334.291,333.976,FAILED,FAILED,FAILED,FAILED,FAILED,FAILED,FAILED,156.013
judgment-aggregation-ja-kemeny-preflib-00049-00000614.wcnf,81.0262,85.9515,489.46,281.997,101.178,101.224,261.672,261.56,FAILED,FAILED,FAILED,FAILED,FAILED,FAILED,FAILED,81.0262
judgment-aggregation-ja-kemeny-preflib-00051-00000007.wcnf,329.175,328.568,805.151,337.128,FAILED,FAILED,306.855,334.195,3561.6,FAILED,FAILED,FAILED,FAILED,FAILED,FAILED,306.855
judgment-aggregation-ja-kemeny-preflib-00051-00000009.wcnf,182.053,180.589,847.781,327.508,1663.01,1664.21,345.476,347.309,FAILED,FAILED,FAILED,FAILED,FAILED,FAILED,FAILED,180.589
judgment-aggregation-ja-kemeny-preflib-00051-00000011.wcnf,837.83,884.09,1592.21,FAILED,FAILED,FAILED,FAILED,FAILED,FAILED,FAILED,FAILED,FAILED,FAILED,FAILED,FAILED,837.83
lisbon-wedding_wt-lisbon-wedding-1-18.wcnf,809.306,1123.66,2974.42,731.103,827.725,1124.3,635.955,649.766,585.829,233.724,257.498,FAILED,FAILED,3079.58,FAILED,233.724
lisbon-wedding_wt-lisbon-wedding-1-19.wcnf,FAILED,FAILED,FAILED,FAILED,FAILED,FAILED,FAILED,FAILED,FAILED,FAILED,FAILED,FAILED,FAILED,FAILED,FAILED,FAILED
lisbon-wedding_wt-lisbon-wedding-10-17.wcnf,872.79,1176.29,179.055,721.208,FAILED,FAILED,717.6,666.31,777.614,726.031,134.963,FAILED,FAILED,FAILED,FAILED,134.963
lisbon-wedding_wt-lisbon-wedding-10-18.wcnf,FAILED,FAILED,FAILED,FAILED,FAILED,FAILED,FAILED,FAILED,FAILED,FAILED,FAILED,FAILED,FAILED,FAILED,FAILED,FAILED
lisbon-wedding_wt-lisbon-wedding-3-18.wcnf,FAILED,FAILED,FAILED,FAILED,FAILED,FAILED,FAILED,FAILED,FAILED,FAILED,FAILED,FAILED,FAILED,FAILED,FAILED,FAILED
lisbon-wedding_wt-lisbon-wedding-4-17.wcnf,FAILED,FAILED,FAILED,FAILED,FAILED,FAILED,FAILED,FAILED,FAILED,FAILED,FAILED,FAILED,FAILED,FAILED,FAILED,FAILED
lisbon-wedding_wt-lisbon-wedding-4-18.wcnf,617.3,915.225,13.9766,605.882,645.256,939.934,613.431,613.933,140.416,22.6253,24.3582,2239.44,613.039,3137.91,FAILED,13.9766
lisbon-wedding_wt-lisbon-wedding-5-17.wcnf,643.767,949.524,23.2858,612.333,637.063,938.661,624.499,625.955,485.724,58.9528,60.9948,1486.09,272.399,FAILED,FAILED,23.2858
lisbon-wedding_wt-lisbon-wedding-5-19.wcnf,FAILED,FAILED,FAILED,FAILED,FAILED,FAILED,FAILED,1844.56,FAILED,FAILED,FAILED,FAILED,FAILED,FAILED,FAILED,1844.56
lisbon-wedding_wt-lisbon-wedding-6-19.wcnf,FAILED,FAILED,FAILED,FAILED,FAILED,FAILED,FAILED,FAILED,FAILED,FAILED,FAILED,FAILED,FAILED,FAILED,FAILED,FAILED
lisbon-wedding_wt-lisbon-wedding-7-18.wcnf,FAILED,FAILED,FAILED,FAILED,FAILED,FAILED,FAILED,FAILED,FAILED,FAILED,FAILED,FAILED,FAILED,FAILED,FAILED,FAILED
lisbon-wedding_wt-lisbon-wedding-7-19.wcnf,FAILED,FAILED,FAILED,FAILED,FAILED,FAILED,FAILED,FAILED,FAILED,FAILED,FAILED,FAILED,FAILED,FAILED,FAILED,FAILED
lisbon-wedding_wt-lisbon-wedding-8-17.wcnf,FAILED,FAILED,FAILED,FAILED,FAILED,FAILED,FAILED,FAILED,FAILED,FAILED,FAILED,FAILED,FAILED,FAILED,FAILED,FAILED
lisbon-wedding_wt-lisbon-wedding-9-17.wcnf,1307.68,1546.02,1761.22,1203.85,FAILED,FAILED,948.056,857.7,FAILED,FAILED,2678.56,FAILED,FAILED,FAILED,FAILED,857.7
lisbon-wedding_wt-lisbon-wedding-9-18.wcnf,1543.38,1842.8,1482.54,850.189,FAILED,FAILED,1001.28,1089.11,FAILED,FAILED,FAILED,FAILED,FAILED,FAILED,FAILED,850.189
max-realizability_wt-power-distribution_1_7.wcnf,607.568,907.488,6.0488,430.94,606.411,906.465,438.703,438.681,17.666,5.4568,5.4597,21.8411,6.5512,36.1822,17.293,5.4568
max-realizability_wt-power-distribution_10_3.wcnf,600.281,900.105,0.1538,411.697,600.288,900.24,416.166,416.378,0.1024,0.1019,0.1065,2.3245,0.2133,2.3226,0.4298,0.1019
max-realizability_wt-power-distribution_10_5.wcnf,628.705,925.101,13.8833,491.282,604.433,904.432,512.568,515.592,32.1543,29.2102,20.7712,139.906,13.7292,22.5976,192.836,13.7292
max-realizability_wt-power-distribution_10_7.wcnf,FAILED,FAILED,FAILED,3375.96,819.13,1119.88,FAILED,FAILED,FAILED,FAILED,FAILED,FAILED,3292.74,3492.47,FAILED,819.13
max-realizability_wt-power-distribution_11_5.wcnf,638.676,934.121,33.3552,518.538,611.86,911.865,569.053,562.028,71.8102,52.3858,42.7596,147.907,26.2442,39.1957,1043.74,26.2442
max-realizability_wt-power-distribution_11_6.wcnf,1878.43,2175.8,2637.1,865.391,639.695,939.627,1269.03,1266.83,FAILED,1757.95,2011.98,2807.33,277.749,569.058,FAILED,277.749
max-realizability_wt-power-distribution_11_7.wcnf,FAILED,FAILED,FAILED,2756.17,1483.23,1781.98,FAILED,FAILED,FAILED,FAILED,FAILED,FAILED,FAILED,FAILED,FAILED,1483.23
max-realizability_wt-power-distribution_12_7.wcnf,FAILED,FAILED,FAILED,FAILED,FAILED,FAILED,FAILED,FAILED,FAILED,FAILED,FAILED,FAILED,FAILED,FAILED,FAILED,FAILED
max-realizability_wt-power-distribution_2_2.wcnf,1.6047,1.7883,0.0633,23.3085,9.4894,9.5134,19.8486,20.1851,0.0202,0.0211,0.0208,0.5004,0.0216,4.3749,0.0391,0.0202
max-realizability_wt-power-distribution_3_7.wcnf,600.704,900.831,0.7107,421.509,601.5,900.97,467.162,466.595,1.381,0.5818,0.5575,2.4645,0.8789,3.9903,1.1974,0.5575
max-realizability_wt-power-distribution_3_8.wcnf,602.279,901.951,2.0026,423.908,602.125,902.011,501.7,494.042,3.4006,1.8754,1.9152,4.1742,1.6985,5.3018,5.2543,1.6985
max-realizability_wt-power-distribution_4_4.wcnf,602.158,902.089,2.041,428.28,601.091,900.999,603.032,609.142,0.2292,0.3712,0.3565,7.0157,0.5376,21.6731,0.8374,0.2292
max-realizability_wt-power-distribution_8_2.wcnf,3.991,4.1681,0.0825,21.3469,12.1657,12.178,19.639,18.9633,0.0251,0.031,0.0311,1.1912,0.0285,5.6068,0.0499,0.0251
max-realizability_wt-power-distribution_9_4.wcnf,578.906,900.417,0.1347,410.221,600.228,900.315,410.245,410.286,0.1993,0.1205,0.1215,2.0252,0.1566,2.3508,0.3474,0.1205
max-realizability_wt-power-distribution_9_5.wcnf,580.168,900.83,1.891,415.231,601.562,903.543,417.83,417.688,3.653,1.2616,1.3381,12.4553,1.4125,3.7877,4.5435,1.2616
MaxSATQueriesinInterpretableClassifiers_wt-adult_test_2_CNF_2_5.wcnf,0.048,0.0475,0.0458,180.119,0.0801,0.0807,180.823,180.813,7.4703,0.0616,0.0612,0.0212,0.1671,0.0995,0.1034,0.0212
MaxSATQueriesinInterpretableClassifiers_wt-compas_train_2_CNF_3_15.wcnf,753.806,1048.75,FAILED,771.036,1415.4,1929.9,721.214,963.849,FAILED,279.803,256.713,FAILED,FAILED,FAILED,FAILED,256.713
MaxSATQueriesinInterpretableClassifiers_wt-heart_train_1_CNF_3_5.wcnf,1051.78,1481.66,1469.99,1024.96,1461.58,1755.71,1453.25,1134.04,1311.97,352.004,294.375,114.702,FAILED,FAILED,FAILED,114.702
MaxSATQueriesinInterpretableClassifiers_wt-heart_train_8_CNF_2_5.wcnf,202.576,203.448,0.7839,458.503,196.909,196.662,230.199,226.253,29.1136,2.008,1.0957,3.7462,38.9417,30.6739,64.4322,0.7839
MaxSATQueriesinInterpretableClassifiers_wt-ilpd_test_9_DNF_2_15.wcnf,0.006,0.0066,0.0049,3.0982,0.0064,0.0064,0.0105,0.0092,0.0099,0.0016,0.0016,0.001,0.0033,0.0032,0.0043,0.001
MaxSATQueriesinInterpretableClassifiers_wt-ionosphere_test_3_CNF_3_15.wcnf,0.0069,0.0068,0.0061,5.5292,0.011,0.011,5.4265,5.3275,0.0111,0.0034,0.0034,0.0018,0.0048,0.0058,0.0067,0.0018
MaxSATQueriesinInterpretableClassifiers_wt-ionosphere_test_3_CNF_5_15.wcnf,0.0079,0.0079,0.0072,5.9306,0.0146,0.0146,6.2476,6.025,0.0125,0.0048,0.0048,0.0022,0.0064,0.008,0.0091,0.0022
MaxSATQueriesinInterpretableClassifiers_wt-ionosphere_test_5_CNF_3_5.wcnf,0.0068,0.0069,0.0064,5.8994,0.011,0.011,5.7375,5.8739,0.0108,0.0033,0.0035,0.0017,0.0047,0.0058,0.0066,0.0017
MaxSATQueriesinInterpretableClassifiers_wt-ionosphere_test_9_DNF_1_15.wcnf,0.0059,0.0062,0.0055,5.9082,0.0076,0.0076,0.0106,0.0106,0.0099,0.0022,0.0023,0.0012,0.004,0.0039,0.0045,0.0012
MaxSATQueriesinInterpretableClassifiers_wt-parkinsons_test_2_CNF_4_10.wcnf,0.006,0.0059,0.0052,5.891,0.0081,0.0081,5.8823,5.8562,0.0101,0.0021,0.0022,0.0013,0.0036,0.004,0.0046,0.0013
MaxSATQueriesinInterpretableClassifiers_wt-parkinsons_test_4_CNF_3_15.wcnf,0.0057,0.0057,0.005,3.8366,0.0075,0.0076,0.0101,0.0102,0.0098,0.0019,0.0019,0.0011,0.0034,0.0038,0.0042,0.0011
MaxSATQueriesinInterpretableClassifiers_wt-parkinsons_train_3_CNF_2_20.wcnf,28.4517,29.2759,0.0749,49.3189,35.4912,35.3624,21.1468,21.9184,0.4096,0.0247,0.0318,4.9702,0.4998,1.5164,0.8591,0.0247
MaxSATQueriesinInterpretableClassifiers_wt-titanic_test_9_CNF_4_10.wcnf,0.0073,0.0074,0.0063,4.2107,0.0105,0.0106,4.2941,4.1652,0.0109,0.0036,0.0036,0.0019,0.0049,0.0056,0.0071,0.0019
MaxSATQueriesinInterpretableClassifiers_wt-twitter_train_5_CNF_4_10.wcnf,FAILED,FAILED,FAILED,FAILED,FAILED,FAILED,FAILED,FAILED,FAILED,FAILED,FAILED,FAILED,FAILED,FAILED,FAILED,FAILED
MaxSATQueriesinInterpretableClassifiers_wt-wdbc_train_0_DNF_1_5.wcnf,4.8415,4.8531,0.0539,16.6477,19.4085,19.4446,38.2033,38.9478,0.0305,0.0487,0.0537,30.0361,1.203,2.6923,0.1487,0.0305
metro_wt-inst2.lp.sm-extracted.wcnf,109.747,110.169,1.4316,152.288,158.257,157.785,137.322,137.357,9.4899,2.5423,2.1959,2.6084,1.715,7.8417,2.5595,1.4316
metro_wt-inst22.lp.sm-extracted.wcnf,533.076,554.678,8.6194,501.097,14.1187,14.2701,516.945,513.494,112.713,26.4131,22.2833,8.6688,10.9308,11.4991,31.1018,8.6194
metro_wt-metro_8_8_5_20_10_6_500_1_2.lp.sm-extracted.wcnf,1051.45,1430.44,19.5844,715.285,685.111,985.192,682.123,678.33,399.789,378.916,557.825,14.425,13.6468,119.223,389.178,13.6468
metro_wt-metro_8_8_5_20_10_6_500_1_3.lp.sm-extracted.wcnf,1698.66,2000.13,1502.17,1770.81,1020.44,1322.52,1459.65,1694.58,1296.89,2940.87,FAILED,112.817,213.339,105.646,FAILED,105.646
metro_wt-metro_8_8_5_20_10_6_500_1_5.lp.sm-extracted.wcnf,722.118,1021.99,171.24,920.861,687.569,988.284,1038.94,912.716,1241.14,603.794,1033.55,40.5248,24.7816,36.6224,FAILED,24.7816
metro_wt-metro_8_8_5_20_10_6_500_1_9.lp.sm-extracted.wcnf,1605.37,1910.78,48.8401,789.535,871.458,1169.6,838.729,827.917,400.439,1348.64,1323.48,78.8044,24.1597,104.799,1105.16,24.1597
metro_wt-metro_9_8_7_22_10_6_500_1_1.lp.sm-extracted.wcnf,515.488,560.021,4.3733,489.894,611.544,911.504,487.642,475.388,96.1042,23.8248,20.4397,10.0034,6.9774,10.0398,34.3022,4.3733
metro_wt-metro_9_8_7_22_10_6_500_1_2.lp.sm-extracted.wcnf,609.562,908.296,6.6733,500.547,607.9,907.599,546.873,505.352,124.374,22.1496,21.4615,8.0448,8.1187,10.1779,49.3178,6.6733
metro_wt-metro_9_8_7_22_10_6_500_1_9.lp.sm-extracted.wcnf,585.796,623.125,1.9174,424.796,605.712,905.695,433.601,436.526,25.4276,13.8263,9.0043,3.655,4.8045,8.454,10.6447,1.9174
metro_wt-metro_9_8_7_30_10_6_500_1_3.lp.sm-extracted.wcnf,619.338,919.394,11.1715,637.439,618.723,918.639,578.241,611.276,317.823,84.3058,70.3175,21.8687,13.0646,13.2521,164.638,11.1715
metro_wt-metro_9_8_7_30_10_6_500_1_6.lp.sm-extracted.wcnf,613.385,913.356,8.3777,499.092,612.063,913.282,166.594,136.267,223.623,69.8751,60.2497,11.0399,11.4378,12.8694,123.996,8.3777
metro_wt-metro_9_9_10_35_13_7_500_2_1.lp.sm-extracted.wcnf,604.662,904.56,3.7976,148.769,15.8227,15.7706,115.713,143.047,129.094,27.082,28.1867,6.5573,23.2709,13.0742,45.4868,3.7976
metro_wt-metro_9_9_10_35_13_7_500_2_2.lp.sm-extracted.wcnf,608.854,893.603,6.3449,177.246,25.9954,25.9368,199.227,189.115,246.794,61.1179,62.2688,8.5574,31.0533,14.0474,109.265,6.3449
metro_wt-metro_9_9_10_35_13_7_500_2_4.lp.sm-extracted.wcnf,616.475,915.685,7.1772,185.348,21.6823,21.6239,165.047,165.011,245.493,87.1606,65.4326,12.951,21.7723,13.3692,81.5304,7.1772
metro_wt-metro_9_9_10_35_13_7_500_2_7.lp.sm-extracted.wcnf,657.428,940.242,23.1676,299.482,47.019,46.9876,338.922,343.181,627.945,295.066,242.63,37.953,36.7312,24.7419,385.288,23.1676
MinimumWeightDominatingSetProblem_wt-bn-human-BNU_1_0025865_session_1-bg.wcnf,FAILED,FAILED,FAILED,FAILED,FAILED,FAILED,FAILED,FAILED,FAILED,FAILED,FAILED,FAILED,FAILED,FAILED,FAILED,FAILED
MinimumWeightDominatingSetProblem_wt-channel-500x100x100-b050.wcnf,FAILED,FAILED,FAILED,FAILED,FAILED,FAILED,FAILED,FAILED,FAILED,FAILED,FAILED,FAILED,FAILED,FAILED,FAILED,FAILED
MinimumWeightDominatingSetProblem_wt-delaunay_n24.wcnf,FAILED,FAILED,FAILED,FAILED,FAILED,FAILED,FAILED,FAILED,FAILED,FAILED,FAILED,FAILED,FAILED,FAILED,FAILED,FAILED
MinimumWeightDominatingSetProblem_wt-hugebubbles-00020.wcnf,FAILED,FAILED,FAILED,FAILED,FAILED,FAILED,FAILED,FAILED,FAILED,FAILED,FAILED,FAILED,FAILED,FAILED,FAILED,FAILED
MinimumWeightDominatingSetProblem_wt-inf-road-usa.wcnf,FAILED,FAILED,FAILED,FAILED,FAILED,FAILED,FAILED,FAILED,FAILED,FAILED,FAILED,FAILED,FAILED,FAILED,FAILED,FAILED
MinimumWeightDominatingSetProblem_wt-rgg_n_2_24_s0.wcnf,FAILED,FAILED,FAILED,FAILED,FAILED,FAILED,FAILED,FAILED,FAILED,FAILED,FAILED,FAILED,FAILED,FAILED,FAILED,FAILED
MinimumWeightDominatingSetProblem_wt-sc-rel9.wcnf,FAILED,FAILED,FAILED,FAILED,FAILED,FAILED,FAILED,FAILED,FAILED,FAILED,FAILED,FAILED,FAILED,FAILED,FAILED,FAILED
MinimumWeightDominatingSetProblem_wt-soc-livejournal-user-groups.wcnf,FAILED,FAILED,FAILED,FAILED,FAILED,FAILED,FAILED,FAILED,FAILED,FAILED,FAILED,FAILED,FAILED,FAILED,FAILED,FAILED
MinimumWeightDominatingSetProblem_wt-socfb-uci-uni.wcnf,FAILED,FAILED,FAILED,FAILED,FAILED,FAILED,FAILED,FAILED,FAILED,FAILED,FAILED,FAILED,FAILED,FAILED,FAILED,FAILED
MinimumWeightDominatingSetProblem_wt-web-wikipedia2009.wcnf,FAILED,FAILED,FAILED,FAILED,FAILED,FAILED,FAILED,FAILED,FAILED,FAILED,FAILED,FAILED,FAILED,FAILED,FAILED,FAILED
mpe_wt-random-net-100-2_network-1.net.wcnf,607.813,907.739,FAILED,879.56,608.117,908.082,851.902,1006.32,2674.17,7.6136,7.8395,796.527,525.025,473.873,FAILED,7.6136
mpe_wt-random-net-100-2_network-10.net.wcnf,606.086,906.228,2121.42,857.63,606.053,910.365,826.032,960.818,1602.41,5.62,5.536,403.088,FAILED,FAILED,FAILED,5.536
mpe_wt-random-net-120-1_network-4.net.wcnf,5.8223,5.7194,1.2169,185.399,5.5155,5.5154,183.972,183.993,3.6399,0.91,0.8831,49.8979,66.045,340.338,FAILED,0.8831
mpe_wt-random-net-120-1_network-7.net.wcnf,5.7882,5.2365,0.6897,184.1,6.3995,6.401,185.187,184.822,0.2931,0.7512,0.8764,38.5662,63.2665,285.027,FAILED,0.2931
mpe_wt-random-net-120-1_network-9.net.wcnf,8.2319,7.6322,0.883,188.272,7.4471,7.4669,184.698,186.123,0.3275,1.0266,1.4816,43.3422,217.354,1677.84,FAILED,0.3275
mpe_wt-random-net-20-3_network-7.net.wcnf,38.812,41.999,57.8763,227.121,35.1583,35.1925,209.002,208.77,154.003,0.8754,0.9166,4.6829,9.1597,29.0604,1490.85,0.8754
mpe_wt-random-net-20-5_network-3.net.wcnf,FAILED,FAILED,1358.41,859.251,2790.31,3095.84,964.922,877.233,1260.07,371.086,373.117,88.263,92.8484,83.1256,FAILED,83.1256
mpe_wt-random-net-220-1_network-1.net.wcnf,31.4677,31.3938,712.783,225.773,34.8893,34.825,216.789,216.509,1414.28,10.5869,7.5064,545.679,283.944,FAILED,FAILED,7.5064
mpe_wt-random-net-240-1_network-7.net.wcnf,33.8231,33.8488,433.568,213.587,35.4349,35.2293,203.445,203.245,1314.99,3.7129,4.8672,254.343,301.556,519.52,FAILED,3.7129
mpe_wt-random-net-280-1_network-6.net.wcnf,34.0086,40.2179,4.9328,232.872,41.3316,41.5223,223.282,222.945,1432.6,7.6552,6.6019,460.57,645.088,FAILED,FAILED,4.9328
mpe_wt-random-net-30-3_network-8.net.wcnf,151.297,151.443,353.191,337.676,149.936,150.484,485.44,483.582,588.911,1.1553,1.4819,26.2681,32.1597,103.918,FAILED,1.1553
mpe_wt-random-net-30-5_network-4.net.wcnf,FAILED,FAILED,FAILED,FAILED,FAILED,FAILED,FAILED,FAILED,1635.03,2744.43,1554.09,631.719,201.739,176.327,FAILED,176.327
mpe_wt-random-net-60-2_network-2.net.wcnf,477.113,476.811,FAILED,721.328,476.993,475.885,719.229,745.025,23.3572,1.9844,2.377,48.4224,106.385,300.77,FAILED,1.9844
mpe_wt-random-net-60-3_network-7.net.wcnf,628.439,934.997,FAILED,927.341,625.816,926.985,1094.12,1284.29,2047.87,58.1764,43.5399,1348.06,378.565,324.71,FAILED,43.5399
mpe_wt-random-net-80-2_network-3.net.wcnf,605.398,905.424,1290.32,790.844,604.849,682.026,832.404,888.185,1471.69,4.845,4.3219,357.682,103.481,83.7137,FAILED,4.3219
mpmcs_wt-test17--n-2500.wcnf,0.9087,0.9926,0.0723,24.0568,1.1485,1.1477,24.2156,24.1521,0.1356,0.0201,0.0197,0.0882,44.5712,1.2235,0.9756,0.0197
mpmcs_wt-test18--n-2500.wcnf,0.0396,0.0398,0.04,180.138,0.1241,0.123,180.226,180.224,0.1767,0.0293,0.0282,1.3861,107.822,6.3888,1.3182,0.0282
mpmcs_wt-test2--n-2500.wcnf,0.0521,0.0554,0.0519,177.323,0.0928,0.0927,180.306,180.313,0.386,0.0256,0.0256,1.9951,10.9592,2.5977,1.3574,0.0256
mpmcs_wt-test22--n-5000.wcnf,0.1131,0.1136,0.134,180.447,0.2227,0.2216,181.048,181.137,1.5447,0.0687,0.0688,1.1878,1.4287,3.8639,17.4534,0.0687
mpmcs_wt-test24--n-5000.wcnf,1.8052,1.7985,0.2127,26.255,1.88,1.8683,26.8724,26.7975,1.2001,0.6367,0.6529,1.1107,0.3333,1.2307,6.5413,0.2127
mpmcs_wt-test29--n-5000.wcnf,0.219,0.2211,0.1527,180.487,0.3636,0.3667,181.145,181.169,1.53,0.0591,0.059,1.8889,0.7183,2.644,6.5861,0.059
mpmcs_wt-test32--n-5000.wcnf,0.1965,0.1965,0.1134,180.383,0.936,0.9441,180.837,180.831,0.7367,0.0681,0.0672,0.9966,0.3055,3.8611,4.0412,0.0672
mpmcs_wt-test34--n-5000.wcnf,0.0551,0.055,0.0687,180.092,0.1556,0.1552,180.437,180.424,0.6311,0.0401,0.0399,0.6732,0.4925,2.6081,4.4603,0.0399
mpmcs_wt-test39--n-5000.wcnf,0.1352,0.1355,0.1171,180.15,0.857,0.8524,180.662,180.655,0.7418,0.0497,0.0498,0.0808,0.3291,2.5927,3.4608,0.0497
mpmcs_wt-test4--n-2500.wcnf,0.9662,1.0445,0.0897,21.6179,0.9424,0.9477,21.7676,21.7869,0.3124,0.0199,0.0198,0.0728,0.7814,1.1964,1.4636,0.0198
mpmcs_wt-test47--n-7500.wcnf,0.1702,0.2001,0.229,180.659,0.3694,0.3702,181.719,181.717,2.8873,0.1426,0.1421,1.4855,3.8608,4.0468,98.5786,0.1421
mpmcs_wt-test5--n-2500.wcnf,0.8348,0.9313,0.0825,21.3574,0.8148,0.8139,21.503,21.4847,0.272,0.1635,0.1673,1.0318,8.6795,1.2007,1.4289,0.0825
mpmcs_wt-test56--n-7500.wcnf,3.9445,3.9774,0.1988,26.9384,5.3876,5.4207,27.3082,27.316,1.1954,0.1495,0.1577,0.3054,0.3289,1.2632,8.9601,0.1495
mpmcs_wt-test60--n-7500.wcnf,2.3962,2.384,0.185,27.2153,4.5584,4.5064,27.8212,27.8077,1.155,0.0786,0.0766,0.2651,0.2612,1.2761,5.2685,0.0766
mpmcs_wt-test9--n-2500.wcnf,0.4279,0.4252,0.0556,20.7951,0.469,0.4706,20.9121,20.8812,0.1649,0.089,0.0864,0.0362,0.5712,1.2095,0.8388,0.0362
ParametricRBACMaintenance_mse20_wt-role_domino_multiple_0.1_1.wcnf,FAILED,FAILED,FAILED,FAILED,FAILED,FAILED,FAILED,FAILED,FAILED,FAILED,FAILED,FAILED,FAILED,FAILED,FAILED,FAILED
ParametricRBACMaintenance_mse20_wt-role_domino_multiple_0.3_1.wcnf,FAILED,FAILED,FAILED,FAILED,FAILED,FAILED,FAILED,FAILED,FAILED,FAILED,FAILED,FAILED,FAILED,FAILED,FAILED,FAILED
ParametricRBACMaintenance_mse20_wt-role_domino_multiple_0.3_9.wcnf,FAILED,FAILED,FAILED,FAILED,FAILED,FAILED,FAILED,FAILED,FAILED,FAILED,FAILED,FAILED,FAILED,FAILED,FAILED,FAILED
ParametricRBACMaintenance_mse20_wt-role_domino_multiple_0.4_0.wcnf,FAILED,FAILED,FAILED,FAILED,FAILED,FAILED,FAILED,FAILED,FAILED,FAILED,FAILED,FAILED,FAILED,FAILED,FAILED,FAILED
ParametricRBACMaintenance_mse20_wt-role_domino_multiple_0.4_1.wcnf,FAILED,FAILED,FAILED,FAILED,FAILED,FAILED,FAILED,FAILED,FAILED,FAILED,FAILED,FAILED,FAILED,FAILED,FAILED,FAILED
ParametricRBACMaintenance_mse20_wt-role_domino_multiple_0.5_6.wcnf,FAILED,FAILED,FAILED,FAILED,FAILED,FAILED,FAILED,FAILED,FAILED,FAILED,FAILED,FAILED,FAILED,FAILED,FAILED,FAILED
ParametricRBACMaintenance_mse20_wt-role_domino_multiple_0.5_7.wcnf,FAILED,FAILED,FAILED,FAILED,FAILED,FAILED,FAILED,FAILED,FAILED,FAILED,FAILED,FAILED,FAILED,FAILED,FAILED,FAILED
ParametricRBACMaintenance_mse20_wt-role_domino_multiple_0.7_0.wcnf,FAILED,FAILED,FAILED,FAILED,FAILED,FAILED,FAILED,FAILED,FAILED,FAILED,FAILED,FAILED,FAILED,FAILED,FAILED,FAILED
ParametricRBACMaintenance_mse20_wt-role_domino_multiple_0.7_7.wcnf,FAILED,FAILED,FAILED,FAILED,FAILED,FAILED,FAILED,FAILED,FAILED,FAILED,FAILED,FAILED,FAILED,FAILED,FAILED,FAILED
ParametricRBACMaintenance_mse20_wt-role_smallcomp_multiple_0.1_9.wcnf,1230.16,1567.47,178.117,FAILED,FAILED,FAILED,481.267,480.62,1547.52,333.615,308.462,391.407,FAILED,FAILED,FAILED,178.117
ParametricRBACMaintenance_mse20_wt-role_smallcomp_multiple_0.4_2.wcnf,1217.6,1436.7,375.459,FAILED,FAILED,FAILED,527.458,525.39,FAILED,690.97,394.062,FAILED,FAILED,FAILED,FAILED,375.459
ParametricRBACMaintenance_mse20_wt-role_smallcomp_multiple_0.5_2.wcnf,1080.11,1254.4,370.974,FAILED,FAILED,FAILED,FAILED,FAILED,FAILED,941.507,402.712,2692.03,FAILED,FAILED,FAILED,370.974
ParametricRBACMaintenance_mse20_wt-role_smallcomp_multiple_0.8_0.wcnf,FAILED,FAILED,FAILED,FAILED,FAILED,FAILED,FAILED,FAILED,FAILED,FAILED,FAILED,FAILED,FAILED,FAILED,FAILED,FAILED
ParametricRBACMaintenance_mse20_wt-role_smallcomp_multiple_0.8_2.wcnf,FAILED,FAILED,FAILED,FAILED,FAILED,FAILED,FAILED,FAILED,FAILED,FAILED,FAILED,FAILED,FAILED,FAILED,FAILED,FAILED
ParametricRBACMaintenance_mse20_wt-role_smallcomp_multiple_0.8_6.wcnf,FAILED,FAILED,FAILED,FAILED,FAILED,FAILED,FAILED,FAILED,FAILED,FAILED,FAILED,FAILED,FAILED,FAILED,FAILED,FAILED
planning_wt-bwt3cc.wcsp.wcnf,0.0222,0.0231,0.0064,2.3546,0.0342,0.0338,2.2214,2.1942,0.0099,0.0024,0.0024,0.0028,0.0038,1.1209,0.0059,0.0024
planning_wt-bwt5c.wcsp.wcnf,1.1905,1.1897,0.1209,9.5434,1.6876,1.6843,9.5097,9.7556,0.0277,0.0365,0.0357,0.0807,0.0347,1.1393,0.1115,0.0277
planning_wt-bwt5cc.wcsp.wcnf,1.1925,1.1886,0.1157,9.5476,1.6953,1.6882,9.5418,9.6841,0.0335,0.0356,0.0359,0.0807,0.0345,1.1431,0.1056,0.0335
planning_wt-driverlog01cc.wcsp.dir.wcnf,0.0345,0.037,0.0066,2.3024,0.0586,0.0586,2.3667,2.3705,0.0104,0.0025,0.0025,0.6866,0.0042,3.6168,0.0109,0.0025
planning_wt-driverlog01cc.wcsp.wcnf,0.0434,0.0396,0.008,4.081,0.0805,0.08,2.0619,2.1127,0.0111,0.003,0.0036,0.9291,0.0047,4.8456,0.0263,0.003
planning_wt-driverlog05cc.wcsp.dir.wcnf,27.984,31.4112,0.1932,222.218,30.5581,30.541,213.781,211.022,0.6023,0.2744,0.2509,2.2286,0.9585,3.6778,0.8113,0.1932
planning_wt-driverlog08c.wcsp.wcnf,39.6949,39.7755,0.6791,73.4362,45.3465,45.5538,205.963,206.313,0.7175,0.5909,0.6121,4.6908,0.4707,4.5097,0.9031,0.4707
planning_wt-driverlog09.wcsp.wcnf,238.022,239.026,0.4062,293.92,463.911,463.791,415.495,415.634,0.555,0.2468,0.246,5.2642,0.4418,5.8193,0.9423,0.246
planning_wt-logistics01c.wcsp.wcnf,0.08,0.0798,0.0147,3.0817,0.1783,0.1784,3.0199,3.0528,0.0142,0.0102,0.0102,0.6037,0.0205,6.7507,0.0447,0.0102
planning_wt-logistics01cc.wcsp.wcnf,0.1257,0.1149,0.0141,180.133,0.1854,0.1861,180.143,180.147,0.0177,0.0093,0.0097,0.8539,0.0317,6.7233,0.0463,0.0093
planning_wt-mprime01bc.wcsp.wcnf,3.1055,3.1073,0.0844,10.7711,4.5785,4.5451,11.2079,11.2316,0.0397,0.047,0.0475,0.9924,0.0758,3.2794,0.134,0.0397
planning_wt-mprime03c.wcsp.wcnf,0.0319,0.032,0.0072,3.5455,0.0378,0.038,3.1636,3.1428,0.0101,0.0024,0.0024,0.003,0.004,1.158,0.0125,0.0024
planning_wt-zenotravel02c.wcsp.dir.wcnf,0.034,0.0346,0.0409,6.7333,0.175,0.1759,6.8073,7.0459,0.0134,0.0097,0.0097,0.0261,0.0157,4.8492,0.0215,0.0097
planning_wt-zenotravel02cc.wcsp.dir.wcnf,0.0333,0.0339,0.0407,6.8164,0.1754,0.175,6.9484,6.7506,0.0161,0.0096,0.0097,0.0258,0.0258,3.5951,0.0215,0.0096
planning_wt-zenotravel04bc.wcsp.wcnf,4.6218,4.7296,0.1232,16.1461,6.0401,6.0009,13.8564,13.8262,0.0354,0.0628,0.0609,0.5223,0.0619,4.3066,0.1401,0.0354
planning-bnn-inventory_2_5.wcnf,30.0172,30.0489,29.6607,38.6566,19.7692,19.7914,51.3782,48.9161,7.3375,15.5928,15.5434,315.383,13.179,152.103,16.5246,7.3375
planning-bnn-inventory_2_6.wcnf,42.0908,43.879,37.4851,76.0024,27.867,27.568,78.0129,71.5139,13.7805,15.2339,15.1596,452.549,15.4178,158.237,31.4555,13.7805
planning-bnn-inventory_2_7.wcnf,53.1784,50.2268,51.5978,67.4195,55.3024,55.1721,75.2055,75.449,7.1968,23.6343,22.3253,497.583,16.0944,162.339,35.6935,7.1968
planning-bnn-inventory_4_6.wcnf,76.2229,84.075,72.3439,93.4315,45.9277,45.665,96.178,96.0366,50.7102,30.1713,30.0622,327.021,20.8009,97.6707,44.3672,20.8009
planning-bnn-inventory_4_7.wcnf,88.8827,89.5636,92.9447,131.388,33.2003,33.0756,152.422,148.635,54.6526,33.7078,36.0849,387.688,63.4871,106.116,60.4052,33.0756
planning-bnn-inventory_4_8.wcnf,104.85,100.295,109.571,217.483,38.5694,38.5122,143.47,165.916,54.9682,54.0754,57.3397,382.313,42.4863,104.9,99.1943,38.5122
preference_planning_wt-WCNF_pathways_p02.wcnf,2.0005,2.001,0.0264,3.2775,4.1985,4.1997,3.4522,3.1932,0.0146,0.0116,0.0112,0.364,0.0108,5.577,0.0784,0.0108
preference_planning_wt-WCNF_pathways_p07.wcnf,610.911,909.988,10.822,449.216,610.26,936.328,466.089,458.655,26.0209,17.7819,21.2444,22.1749,4.9043,13.779,59.4807,4.9043
preference_planning_wt-WCNF_pathways_p10.wcnf,607.2,908.221,4.2259,447.106,611.625,907.011,444.875,453.233,18.2752,4.3215,3.9334,18.8283,6.806,18.4351,17.7448,3.9334
preference_planning_wt-WCNF_pathways_p11.wcnf,30.0445,30.0112,0.16,168.16,108.482,108.839,167.178,149.218,0.075,0.095,0.0903,1.184,0.0678,9.9252,0.1787,0.0678
preference_planning_wt-WCNF_pathways_p12.wcnf,359.227,340.797,0.409,413.192,600.831,848.477,419.096,418.84,1.5117,0.2499,0.2377,2.9915,0.3471,19.9547,1.2688,0.2377
preference_planning_wt-WCNF_pathways_p16.wcnf,699.063,999.307,108.916,803.771,796.725,1095.7,894.777,699.261,178.176,115.873,196.008,322.905,106.158,102.765,1639.72,102.765
preference_planning_wt-WCNF_pathways_p18.wcnf,222.32,232.472,0.387,411.284,418.193,417.435,412.948,411.024,0.4409,0.2691,0.2704,2.693,0.4157,10.2712,0.5852,0.2691
preference_planning_wt-WCNF_pathways_p20.wcnf,601.272,901.228,1.2142,426.692,603.164,903.869,435.488,448.384,6.4517,1.1662,1.2229,4.7472,1.2141,24.0558,8.4406,1.1662
preference_planning_wt-WCNF_storage_p01.wcnf,0.1976,0.1963,0.011,2.2388,0.4846,0.485,2.1963,2.1942,0.0108,0.0042,0.0044,0.013,0.0054,4.4919,0.0839,0.0042
preference_planning_wt-WCNF_storage_p02.wcnf,598.376,696.989,0.3359,406.874,600.612,900.593,406.754,407.183,1.0766,0.289,0.3647,1.3909,0.2601,4.3535,0.7193,0.2601
preference_planning_wt-WCNF_storage_p03.wcnf,614.395,911.296,9.2507,432.519,613.45,913.24,440.537,434.77,24.0111,13.0849,14.9126,20.3653,5.2284,8.6129,79.7851,5.2284
preference_planning_wt-WCNF_storage_p06.wcnf,264.517,249.319,0.4321,311.786,330.885,331.665,416.72,416.331,0.7742,0.4321,0.3964,4.6556,0.4089,8.1098,0.8555,0.3964
protein_ins_wt-1bpi_.2knt_.g.wcnf.t.wcnf,304.264,304.051,126.112,1326.69,428.09,428.228,1297.35,1320.25,350.803,80.8,55.0202,559.749,472.463,421.755,FAILED,55.0202
protein_ins_wt-1bpi_.5pti_.g.wcnf.t.wcnf,155.35,155.784,132.644,752.715,204.728,204.378,1073.01,1058.59,112.368,26.4976,32.8842,518.402,151.935,186.861,FAILED,26.4976
protein_ins_wt-1knt_.1bpi_.g.wcnf.t.wcnf,203.45,204.12,137.455,908.871,367.875,368.424,1087.21,1071.55,411.067,60.9983,67.0808,487.331,247.312,345.97,FAILED,60.9983
protein_ins_wt-1knt_.2knt_.g.wcnf.t.wcnf,22.7964,22.7594,22.6763,458.148,7.5309,7.5397,639.752,635.522,13.1935,2.2233,2.3298,57.3371,12.2964,12.9345,40.1649,2.2233
protein_ins_wt-1knt_.5pti_.g.wcnf.t.wcnf,137.019,136.752,79.3658,785.776,259.551,260.248,1064.42,1028.5,263.654,61.587,65.9732,444.627,245.05,274.341,FAILED,61.587
protein_ins_wt-1vii_.1cph_.g.wcnf.t.wcnf,1.7981,1.9274,0.0423,21.2998,1.7691,1.7726,21.9916,21.9124,0.0559,0.0215,0.0223,2.2178,0.0235,1.0947,0.0936,0.0215
protein_ins_wt-2knt_.5pti_.g.wcnf.t.wcnf,112.072,111.837,70.1556,912.561,201.802,202.768,1071.94,1022.44,147.619,54.27,59.1017,397.603,241.233,263.976,FAILED,54.27
protein_ins_wt-3ebx_.1era_.g.wcnf.t.wcnf,353.342,355.882,135.07,1501.32,517.535,517.724,1629.68,1342.23,804.532,145.684,201.187,607.864,893.16,436.966,FAILED,135.07
protein_ins_wt-3ebx_.6ebx_.g.wcnf.t.wcnf,34.7019,34.4181,27.6848,558.25,38.501,38.5279,702.29,692.099,34.9264,10.7284,8.3223,174.773,28.8079,29.4658,612.688,8.3223
protein_ins_wt-6ebx_.1era_.g.wcnf.t.wcnf,106.618,106.47,41.0947,723.011,173.825,173.387,989.083,887.331,200.236,51.2966,47.7908,262.653,119.526,104.354,FAILED,41.0947
protein_ins_wt-p1.wcnf.t.wcnf,374.754,337.028,199.286,1104.29,400.887,401.592,1091.05,1182.86,480.89,66.3246,64.4794,486.864,605.288,407.877,FAILED,64.4794
protein_ins_wt-sandiaprotein.g.wcnf.t.wcnf,87.8322,99.2003,87.7704,733.136,150.487,150.676,927.684,951.885,157.301,37.4301,32.2938,454.528,162.12,197.664,FAILED,32.2938
pseudoBoolean_wt-normalized-factor-size=9-P=149-Q=163.opb.wcnf,0.6563,0.6421,0.0202,2.793,0.8329,0.8296,2.771,2.8343,0.0306,0.0115,0.0116,0.4739,0.0177,4.5203,0.0996,0.0115
pseudoBoolean_wt-normalized-factor-size=9-P=149-Q=167.opb.wcnf,0.9371,0.939,0.0228,3.0668,1.0655,1.0663,3.1678,3.1644,0.0315,0.0122,0.0119,0.4423,0.0187,5.6519,0.096,0.0119
pseudoBoolean_wt-normalized-factor-size=9-P=157-Q=181.opb.wcnf,0.9689,0.9672,0.0212,3.0648,1.1298,1.1362,2.9924,3.0144,0.0242,0.0115,0.012,0.4575,0.018,6.7697,0.1018,0.0115
pseudoBoolean_wt-normalized-factor-size=9-P=223-Q=307.opb.wcnf,1.0429,1.1898,0.0225,3.0286,0.9647,0.9645,2.9446,2.8138,0.0381,0.0111,0.011,0.0375,0.0163,9.0355,0.0918,0.011
pseudoBoolean_wt-normalized-factor-size=9-P=283-Q=293.opb.wcnf,0.956,0.8985,0.027,3.3095,1.0202,1.0286,3.3385,3.3575,0.0413,0.0135,0.0133,0.4756,0.024,6.7664,0.1012,0.0133
pseudoBoolean_wt-normalized-factor-size=9-P=331-Q=379.opb.wcnf,1.1709,1.1815,0.0223,3.3968,1.3072,1.3033,3.6036,3.5776,0.0215,0.0137,0.0125,0.0413,0.0194,5.6783,0.0956,0.0125
pseudoBoolean_wt-normalized-factor-size=9-P=353-Q=479.opb.wcnf,0.6292,0.6298,0.0192,2.4081,0.6356,0.6411,2.4146,2.4191,0.0201,0.0084,0.0079,0.0278,0.0117,3.5526,0.093,0.0079
pseudoBoolean_wt-normalized-factor-size=9-P=421-Q=449.opb.wcnf,0.7311,0.7703,0.0213,4.7546,0.805,0.7993,4.798,4.7894,0.0214,0.0099,0.0099,0.029,0.0138,6.8023,0.0881,0.0099
pseudoBoolean_wt-normalized-factor-size=9-P=439-Q=509.opb.wcnf,0.4007,0.3964,0.0172,2.2072,0.3435,0.3435,2.2181,2.1991,0.0135,0.0052,0.0054,0.0179,0.0106,2.3066,0.0875,0.0052
pseudoBoolean_wt-normalized-factor-size=9-P=53-Q=151.opb.wcnf,0.6942,0.7306,0.018,2.3526,0.6887,0.689,2.4211,2.4129,0.0169,0.0081,0.0082,0.0308,0.0115,5.6749,0.0919,0.0081
pseudoBoolean_wt-normalized-factor-size=9-P=59-Q=419.opb.wcnf,3.4901,3.5009,0.0229,2.3881,1.1884,1.189,2.4289,2.3827,0.0144,0.0141,0.0143,0.0337,0.02,1.1245,0.097,0.0141
pseudoBoolean_wt-normalized-factor-size=9-P=79-Q=257.opb.wcnf,0.712,0.6919,0.0199,2.606,0.5987,0.5993,2.6112,2.6152,0.0247,0.0126,0.0122,0.4239,0.0097,7.9134,0.0865,0.0097
pseudoBoolean_wt-normalized-factor-size=9-P=83-Q=367.opb.wcnf,0.6484,0.6552,0.023,2.5638,0.7721,0.7804,2.6018,2.618,0.0167,0.0098,0.0098,0.0292,0.0099,3.4868,0.0882,0.0098
pseudoBoolean_wt-normalized-factor-size=9-P=89-Q=487.opb.wcnf,0.9205,0.8793,0.0212,2.3388,0.9479,0.9487,4.3426,2.3687,0.018,0.0065,0.0066,0.0261,0.0165,2.383,0.0879,0.0065
pseudoBoolean_wt-normalized-mps-v2-20-10-mod010.opb.msat.wcnf,FAILED,FAILED,FAILED,FAILED,FAILED,FAILED,FAILED,FAILED,FAILED,FAILED,FAILED,FAILED,FAILED,FAILED,FAILED,FAILED
qcp_wt-file_qc_wcnf_N10_H60_0.wcnf,9.0736,9.092,0.2776,39.8212,9.3034,9.3367,50.3873,47.767,0.055,0.3017,0.3028,2.7906,0.1664,2.173,0.2713,0.055
qcp_wt-file_qc_wcnf_N10_H60_1.wcnf,30.7755,32.7447,0.4648,45.37,33.8761,34.0385,124.253,131.69,0.1881,0.5502,0.6481,2.8003,0.1955,2.1894,0.226,0.1881
qcp_wt-file_qc_wcnf_N10_H60_2.wcnf,15.8346,15.9056,0.4355,35.4427,21.2003,21.0964,56.5372,56.6263,1.1345,0.6686,0.6659,4.351,0.2262,2.2379,0.2642,0.2262
qcp_wt-file_qc_wcnf_N6_H21_1.wcnf,0.4,0.3983,0.0221,9.707,0.3427,0.3429,9.9654,9.703,0.0121,0.0169,0.0166,0.0182,0.0122,2.3494,0.0693,0.0121
qcp_wt-file_qc_wcnf_N6_H21_3.wcnf,0.1778,0.1781,0.0188,9.4489,0.3633,0.3624,9.5652,9.9703,0.0119,0.0141,0.0146,1.3226,0.0132,2.2966,0.0707,0.0119
qcp_wt-file_qc_wcnf_N7_H29_1.wcnf,0.1603,0.1617,0.0318,13.1845,0.2052,0.2055,13.6979,13.9415,0.0131,0.0279,0.0264,1.5403,0.0222,2.2176,0.0862,0.0131
qcp_wt-file_qc_wcnf_N7_H29_2.wcnf,0.6345,0.6313,0.0596,14.4529,1.0881,1.0842,14.4931,14.2825,0.0147,0.0518,0.0515,1.6981,0.0326,2.2569,0.085,0.0147
qcp_wt-file_qc_wcnf_N7_H29_3.wcnf,1.9944,1.9971,0.0692,15.4997,1.1695,1.1756,14.8029,14.827,0.023,0.0592,0.0596,1.6063,0.0296,2.2085,0.0846,0.023
qcp_wt-file_qc_wcnf_N7_H29_4.wcnf,0.5847,0.5856,0.0221,15.5412,0.771,0.7679,15.2213,15.5749,0.0137,0.0174,0.0175,1.0293,0.0262,2.2314,0.077,0.0137
qcp_wt-file_qc_wcnf_N8_H38_1.wcnf,1.6716,1.6836,0.0668,21.3232,2.8305,2.8305,22.5176,22.596,0.0184,0.0598,0.0587,1.791,0.0588,2.2014,0.0978,0.0184
qcp_wt-file_qc_wcnf_N8_H38_4.wcnf,1.607,1.5677,0.0638,21.0095,2.6931,2.7031,21.6331,21.3164,0.125,0.3276,0.3287,1.9443,0.0598,2.183,0.1135,0.0598
qcp_wt-file_qc_wcnf_N9_H48_1.wcnf,2.4545,2.4473,0.1117,24.5742,2.7252,2.7211,26.1403,26.6025,0.0213,0.1123,0.221,2.4777,0.0702,2.1671,0.1292,0.0213
qcp_wt-file_qc_wcnf_N9_H48_2.wcnf,4.7966,5.1997,0.1195,24.7421,4.657,4.6676,26.2796,26.2878,0.0215,0.1286,0.1264,2.3336,0.0683,2.1724,0.147,0.0215
qcp_wt-file_qc_wcnf_N9_H48_3.wcnf,13.3451,12.2317,0.2221,27.8719,12.1667,12.2104,32.7822,34.0982,0.0771,0.293,0.2865,2.1299,0.1669,2.1833,0.1274,0.0771
qcp_wt-file_qc_wcnf_N9_H48_4.wcnf,7.2875,7.2443,0.1093,31.2371,12.0119,12.0612,32.0953,32.1626,0.5911,0.5611,0.5594,2.4423,0.3162,2.1952,0.2,0.1093
quantum-circuit-graphstate_6_6_rigetti-agave_8.wcnf,180.79,180.378,0.3594,88.8897,490.545,488.275,162.901,162.72,0.3344,1.4736,1.5086,0.3772,0.113,3.426,0.2177,0.113
quantum-circuit-grover-noancilla_4_52_ibmq-casablanca_7.wcnf,646.345,946.554,1820.86,668.809,708.783,1007.77,668.236,668.355,132.9,53.1552,54.7627,1044.36,FAILED,FAILED,1094.53,53.1552
quantum-circuit-portfoliovqe_4_18_ibmq-casablanca_7.wcnf,614.11,901.171,249.837,641.894,706.065,1004.79,657.282,650.014,269.217,5.6516,5.5965,131.2,651.546,848.36,548.696,5.5965
quantum-circuit-portfoliovqe_4_18_rigetti-agave_8.wcnf,600.675,900.639,6.5464,459.84,600.433,900.426,461.287,459.875,1.7114,0.389,0.3718,6.2123,12.3556,9.0498,67.9962,0.3718
quantum-circuit-qaoa_4_16_ibmq-casablanca_7.wcnf,601.554,901.26,12.1806,444.343,627.627,927.231,448.178,448.718,2.3566,3.1405,3.1451,17.3688,6.1079,8.6374,100.201,2.3566
quantum-circuit-qftentangled_4_21_ibmq-casablanca_7.wcnf,649.922,949.031,66.5133,539.253,728.379,1028.24,546.048,546.278,113.281,89.4689,89.3491,88.9201,22.024,24.5241,1369.35,22.024
quantum-circuit-qftentangled_4_39_rigetti-agave_8.wcnf,600.447,900.443,0.3387,414.37,601.59,901.509,403.86,414.011,0.7103,0.3212,0.3338,1.759,0.9703,4.1786,4.4642,0.3212
quantum-circuit-qgan_6_15_ibmq-casablanca_7.wcnf,1573.52,1881.1,1587.71,783.032,982.734,1283.69,1091.82,1132.27,169.395,439.936,442.667,512.31,1213.99,1686.36,777.634,169.395
quantum-circuit-qpeexact_5_26_ibmq-casablanca_7.wcnf,597.703,903.937,34.783,593.3,728.751,1029.21,588.457,589.128,21.6131,184.674,176.131,21.0987,33.0892,32.0293,1096.56,21.0987
quantum-circuit-qpeinexact_5_26_ibmq-casablanca_7.wcnf,606.218,904.886,42.206,593.423,729.238,1028.82,590.017,589.355,21.7588,176.368,176.218,22.66,37.0237,31.9249,1043.8,21.7588
quantum-circuit-qwalk-v-chain_3_30_ibmq-casablanca_7.wcnf,606.066,905.98,178.838,629.45,612.582,912.589,654.12,654.16,264.358,4.2516,4.2601,114.174,FAILED,FAILED,568.968,4.2516
quantum-circuit-realamprandom_4_72_rigetti-agave_8.wcnf,617.478,917.486,15.37,625.654,603.871,905.279,627.608,624.199,13.9014,2.3618,2.3559,220.52,52.3683,46.8535,FAILED,2.3559
quantum-circuit-su2random_4_18_ibmq-casablanca_7.wcnf,611.819,911.468,239.64,641.774,704.673,1010.55,655.205,653.366,271.798,5.1684,5.245,128.683,725.414,855.767,496.247,5.1684
quantum-circuit-su2random_5_30_ibmq-london_5.wcnf,685.285,984.653,41.0711,648.541,956.153,1253.38,872.681,646.308,2224.97,3.2607,4.1828,1025.31,FAILED,FAILED,FAILED,3.2607
quantum-circuit-twolocalrandom_5_30_ibmq-london_5.wcnf,693.292,985.146,39.8021,661.44,954.537,1254.15,707.035,649.638,2227.32,3.2584,4.3897,1153.64,FAILED,FAILED,FAILED,3.2584
railway-transport_wt-bf2030fvcons.wcnf,587.085,507.799,387.456,740.115,110.013,109.571,796.744,790.021,1567.63,291.779,328.537,328.995,155.698,293.045,FAILED,109.571
railway-transport_wt-bf2030fvslack.wcnf,FAILED,FAILED,FAILED,FAILED,FAILED,FAILED,FAILED,FAILED,FAILED,FAILED,FAILED,FAILED,FAILED,FAILED,FAILED,FAILED
railway-transport_wt-f2030.wcnf,FAILED,FAILED,FAILED,1206.71,1306.5,1303.61,987.056,1092.7,FAILED,1912.16,617.485,FAILED,986.755,991.367,FAILED,617.485
railway-transport_wt-r11.wcnf,FAILED,FAILED,FAILED,FAILED,FAILED,FAILED,FAILED,FAILED,FAILED,FAILED,FAILED,FAILED,FAILED,FAILED,FAILED,FAILED
railway-transport_wt-wg2.wcnf,FAILED,FAILED,FAILED,FAILED,FAILED,FAILED,FAILED,FAILED,FAILED,FAILED,FAILED,FAILED,FAILED,FAILED,FAILED,FAILED
ramsey_wt-ram_k3_n11.ra1.wcnf,1305.53,838.268,53.9539,570.739,782.433,663.859,612.606,585.634,1258.71,FAILED,FAILED,60.2908,38.4994,44.7332,101.491,38.4994
ramsey_wt-ram_k3_n12.ra1.wcnf,FAILED,FAILED,187.501,812.045,1888.01,2139.83,875.514,865.598,1334.83,FAILED,FAILED,225.975,1578.37,880.225,1522.35,187.501
ramsey_wt-ram_k3_n17.ra1.wcnf,FAILED,FAILED,FAILED,FAILED,FAILED,FAILED,FAILED,FAILED,FAILED,FAILED,FAILED,FAILED,FAILED,FAILED,FAILED,FAILED
ramsey_wt-ram_k3_n18.ra1.wcnf,FAILED,FAILED,FAILED,FAILED,FAILED,FAILED,FAILED,FAILED,FAILED,FAILED,FAILED,FAILED,FAILED,FAILED,FAILED,FAILED
relational-inference_wt-ar-1.wcnf,3.4474,3.454,3.913,184.315,5.489,5.4735,187.161,187.204,1200.7,109.81,143.776,0.7479,FAILED,4.7227,139.584,0.7479
relational-inference_wt-ar-2.wcnf,2687.26,2748.37,2668.84,2003.28,FAILED,FAILED,2067.23,1993.18,FAILED,FAILED,FAILED,FAILED,FAILED,FAILED,FAILED,1993.18
relational-inference_wt-ar-3.wcnf,1.3035,1.3065,6.6538,185.848,1.7995,1.7974,202.311,201.21,144.936,244.695,303.955,0.3337,FAILED,4.0463,14.4321,0.3337
relational-inference_wt-pa-1.wcnf,826.709,858.781,1212.41,1022.37,1517.49,1519.4,1038.09,1050.33,33.7133,FAILED,FAILED,1406.31,FAILED,FAILED,FAILED,33.7133
relational-inference_wt-pa-2.wcnf,1333.11,1795.94,FAILED,1353.79,1548.18,1549.64,1383.42,1413.08,555.14,FAILED,FAILED,1784.46,FAILED,FAILED,FAILED,555.14
relational-inference_wt-pa-3.wcnf,2778.08,2487.12,FAILED,2608.41,FAILED,FAILED,1925.5,3054.05,FAILED,FAILED,FAILED,FAILED,FAILED,FAILED,FAILED,1925.5
relational-inference_wt-rc-2.wcnf,59.0407,62.3422,10.8754,663.031,1356.22,1355.04,247.567,250.138,410.419,276.865,274.086,FAILED,FAILED,174.861,FAILED,10.8754
relational-inference_wt-rc-3.wcnf,59.131,60.0363,11.0518,650.294,1319.44,1319.41,246.639,247.281,370.046,267.378,282.273,FAILED,FAILED,1734.24,FAILED,11.0518
rna-alignment_wt-k100-13-40.rna.pre.wcnf,27.8217,30.1737,27.3551,682.155,FAILED,FAILED,849.986,849.322,1299.59,4.9117,3.8988,96.58,595.662,678.319,FAILED,3.8988
rna-alignment_wt-k100-14-38.rna.pre.wcnf,33.9879,33.9816,35.2865,654.217,2969.9,2982.13,848.553,832.651,1278.54,1.9731,2.0626,63.9648,511.473,327.329,FAILED,1.9731
rna-alignment_wt-k100-33-71.rna.pre.wcnf,33.4891,33.3475,30.1717,670.337,FAILED,FAILED,844.295,1043.09,1283.46,2.557,2.3669,62.0334,379.772,348.021,FAILED,2.3669
rna-alignment_wt-k100-40-52.rna.pre.wcnf,38.7348,36.2446,39.1876,686.134,3518.21,3496.86,856.677,860.529,1274.51,2.8699,2.905,68.5597,354.047,420.688,FAILED,2.8699
rna-alignment_wt-k100-44-65.rna.pre.wcnf,28.2622,30.4264,28.5242,670.56,FAILED,FAILED,843.355,853.622,1273.69,3.2964,3.2676,60.2091,360.54,384.122,FAILED,3.2676
rna-alignment_wt-k50-22-58.rna.pre.wcnf,51.3545,51.4368,0.6206,101.305,104.553,104.505,66.6054,65.7132,138.283,0.1235,0.1266,5.1802,4.0309,35.1285,256.021,0.1235
rna-alignment_wt-k50-37-46.rna.pre.wcnf,100.837,92.6508,0.7429,123.063,120.905,120.733,89.9756,96.2021,110.98,0.1446,0.1401,4.7389,4.9196,44.4436,91.4374,0.1401
rna-alignment_wt-random-dif-12.rna.pre.wcnf,75.2084,75.5064,0.3405,120.898,224.74,225.146,103.089,103.047,157.259,0.0699,0.0694,4.3433,4.3019,9.0271,408.935,0.0694
rna-alignment_wt-random-dif-13.rna.pre.wcnf,43.3419,43.0953,0.2699,49.0497,61.6124,61.4696,31.6943,34.0313,44.4101,0.0502,0.0502,3.3677,2.2394,6.6191,142.691,0.0502
rna-alignment_wt-random-dif-19.rna.pre.wcnf,36.1733,36.187,0.2434,44.905,40.2783,40.2115,40.9699,40.9043,27.8842,0.0419,0.0422,2.0314,1.0549,5.2026,111.425,0.0419
rna-alignment_wt-random-dif-5.rna.pre.wcnf,450.758,411.625,0.7827,224.598,209.12,209.17,227.219,203.547,1209.94,0.126,0.1262,7.5353,6.9241,21.3593,2297.94,0.126
rna-alignment_wt-random-same-10.rna.pre.wcnf,4.3118,4.4685,0.0525,12.175,4.3113,4.3135,12.5916,13.0548,3.4339,0.0159,0.0161,1.2524,0.2881,3.0743,1.7006,0.0159
rna-alignment_wt-random-same-12.rna.pre.wcnf,26.1897,26.0926,0.1894,31.0557,22.5659,22.6944,28.2691,28.2376,25.4635,0.0426,0.043,3.088,2.1734,6.3984,60.3517,0.0426
rna-alignment_wt-random-same-22.rna.pre.wcnf,4.2792,3.97,0.0564,16.9223,5.6352,5.6974,8.521,8.865,1.4412,0.0183,0.0175,1.0632,0.3402,2.809,10.5558,0.0175
rna-alignment_wt-random-same-25.rna.pre.wcnf,3.8394,3.8356,0.0622,11.647,8.3237,8.3401,11.9831,11.5827,0.717,0.0188,0.0188,1.2756,0.3268,4.6796,4.4097,0.0188
setcover_wt-rail2536.wcnf,FAILED,FAILED,FAILED,FAILED,FAILED,FAILED,FAILED,FAILED,FAILED,FAILED,FAILED,FAILED,FAILED,FAILED,FAILED,FAILED
setcover_wt-rail4284.wcnf,FAILED,FAILED,FAILED,FAILED,FAILED,FAILED,FAILED,FAILED,FAILED,FAILED,FAILED,FAILED,FAILED,FAILED,FAILED,FAILED
setcover_wt-rail4872.wcnf,FAILED,FAILED,FAILED,FAILED,FAILED,FAILED,FAILED,FAILED,FAILED,FAILED,FAILED,FAILED,FAILED,FAILED,FAILED,FAILED
setcover_wt-rail507.wcnf,328.813,329.416,909.629,518.173,268.896,267.691,FAILED,FAILED,FAILED,FAILED,FAILED,FAILED,FAILED,FAILED,FAILED,267.691
setcover_wt-rail516.wcnf,188.965,181.945,486.419,240.37,213.944,213.789,429.583,429.789,FAILED,FAILED,FAILED,FAILED,FAILED,FAILED,FAILED,181.945
setcover_wt-rail582.wcnf,132.343,132.078,581.156,312.972,106.837,106.605,544.789,551.132,FAILED,FAILED,FAILED,FAILED,FAILED,FAILED,FAILED,106.605
spot5_wt-1405.wcsp.dir.wcnf,3337.68,FAILED,FAILED,FAILED,3420.71,FAILED,FAILED,FAILED,FAILED,FAILED,FAILED,FAILED,81.8113,91.7634,FAILED,81.8113
spot5_wt-1405.wcsp.log.wcnf,FAILED,FAILED,FAILED,FAILED,FAILED,FAILED,FAILED,FAILED,FAILED,FAILED,FAILED,FAILED,114.913,2074.48,FAILED,114.913
spot5_wt-1407.wcsp.log.wcnf,FAILED,FAILED,FAILED,FAILED,FAILED,FAILED,FAILED,FAILED,FAILED,FAILED,FAILED,FAILED,117.353,2600.75,FAILED,117.353
spot5_wt-1502.wcsp.log.wcnf,0.092,0.0822,0.0093,2.3498,0.1158,0.1152,2.3787,2.4305,0.012,0.004,0.0043,1.024,0.0114,3.5544,0.0162,0.004
spot5_wt-1504.wcsp.dir.wcnf,2400.43,2700.84,1.1267,323.901,144.148,144.64,186.343,186.341,34.7424,0.532,0.5977,1412.98,3.0015,34.4533,14.7762,0.532
spot5_wt-29.wcsp.dir.wcnf,0.7239,0.675,0.01,1.7868,0.1106,0.1106,1.8328,1.857,0.014,0.0044,0.0048,1.8935,0.0115,3.2734,0.5134,0.0044
spot5_wt-29.wcsp.log.wcnf,0.6401,0.6122,0.0102,2.4177,0.6685,0.6666,2.4515,2.312,0.0159,0.0046,0.0052,1.3009,0.0141,3.1902,0.0387,0.0046
spot5_wt-414.wcsp.dir.wcnf,90.6183,97.4439,0.1775,189.834,12.7473,12.8028,186.87,186.555,2.1383,0.1166,0.1027,36.6181,2.0103,6.4455,20.7123,0.1027
spot5_wt-414.wcsp.log.wcnf,2399.9,2700.14,0.2388,594.828,2400.44,2100.14,594.942,591.463,15.7972,0.1393,0.1617,30.5514,2.0938,4.447,FAILED,0.1393
spot5_wt-42.wcsp.dir.wcnf,16.0442,16.0343,0.2552,12.7999,1.4816,1.4812,12.7596,13.1613,1.9866,0.5165,0.5429,95.7664,0.5004,4.699,FAILED,0.2552
spot5_wt-5.wcsp.dir.wcnf,1471.73,1669.88,1519.28,265.575,101.448,101.479,215.671,215.675,1876.92,1186.4,302.907,397.21,16.7498,18.0201,FAILED,16.7498
spot5_wt-507.wcsp.dir.wcnf,112.962,113.009,0.1077,200.554,10.3233,10.2889,189.324,188.904,0.7682,0.0809,0.0911,29.4546,1.2454,6.3926,1.6747,0.0809
spot5_wt-507.wcsp.log.wcnf,2400.22,2700.15,0.1649,591.911,2400.14,2700.35,592.642,598.187,11.7153,0.1359,0.1165,37.908,1.2905,3.8225,FAILED,0.1165
spot5_wt-509.wcsp.dir.wcnf,207.595,223.569,0.1504,209.679,37.3571,37.3159,198.788,198.81,2.22,0.1114,0.1171,56.9652,1.3409,6.436,FAILED,0.1114
spot5_wt-8.wcsp.log.wcnf,0.0066,0.0067,0.0047,0.0088,0.0068,0.0068,0.0089,0.0096,0.0092,0.0011,0.0013,0.0009,0.0029,1.2747,0.0031,0.0009
switchingactivitymaximization-SwitchingActivityMaximization_OpenRISC1200_100.wcnf,FAILED,FAILED,FAILED,FAILED,FAILED,FAILED,FAILED,FAILED,FAILED,FAILED,FAILED,FAILED,FAILED,FAILED,FAILED,FAILED
switchingactivitymaximization-SwitchingActivityMaximization_OpenRISC1200_150.wcnf,FAILED,FAILED,FAILED,FAILED,FAILED,FAILED,FAILED,FAILED,FAILED,FAILED,FAILED,FAILED,FAILED,FAILED,FAILED,FAILED
switchingactivitymaximization-SwitchingActivityMaximization_OpenRISC1200_200.wcnf,FAILED,FAILED,FAILED,FAILED,FAILED,FAILED,FAILED,FAILED,FAILED,FAILED,FAILED,FAILED,FAILED,FAILED,FAILED,FAILED
switchingactivitymaximization-SwitchingActivityMaximization_OpenRISC1200_66.wcnf,FAILED,FAILED,FAILED,3001.11,FAILED,FAILED,FAILED,FAILED,2741.68,FAILED,FAILED,2268.94,1365.58,1390.44,FAILED,1365.58
switchingactivitymaximization-SwitchingActivityMaximization_OpenRISC1200_68.wcnf,FAILED,FAILED,FAILED,FAILED,FAILED,FAILED,FAILED,FAILED,FAILED,FAILED,FAILED,FAILED,FAILED,FAILED,FAILED,FAILED
switchingactivitymaximization-SwitchingActivityMaximization_OpenRISC1200_70.wcnf,2425,2428.02,3418.73,1303.26,FAILED,FAILED,1933.79,1280.24,1907.51,FAILED,FAILED,1014.61,499.97,653.557,FAILED,499.97
switchingactivitymaximization-SwitchingActivityMaximization_OpenRISC1200_74.wcnf,FAILED,FAILED,FAILED,FAILED,FAILED,FAILED,FAILED,FAILED,FAILED,FAILED,FAILED,FAILED,FAILED,FAILED,FAILED,FAILED
switchingactivitymaximization-SwitchingActivityMaximization_OpenRISC1200_76.wcnf,FAILED,FAILED,FAILED,FAILED,FAILED,FAILED,FAILED,FAILED,FAILED,FAILED,FAILED,FAILED,FAILED,FAILED,FAILED,FAILED
switchingactivitymaximization-SwitchingActivityMaximization_OpenRISC1200_80.wcnf,FAILED,FAILED,FAILED,FAILED,FAILED,FAILED,FAILED,FAILED,FAILED,FAILED,FAILED,FAILED,FAILED,FAILED,FAILED,FAILED
synplicate_new-synplicate_complete_tree_arity2_feature_4_size_10_ms_0_25_0_erm.wcnf,FAILED,FAILED,FAILED,FAILED,FAILED,FAILED,FAILED,FAILED,FAILED,FAILED,FAILED,FAILED,FAILED,FAILED,FAILED,FAILED
synplicate_new-synplicate_complete_tree_arity2_feature_4_size_11_ms_0_25_0_erm.wcnf,FAILED,FAILED,FAILED,FAILED,FAILED,FAILED,FAILED,FAILED,FAILED,FAILED,FAILED,FAILED,FAILED,FAILED,FAILED,FAILED
synplicate_new-synplicate_complete_tree_arity2_feature_4_size_6_ms_0_25_0_erm.wcnf,FAILED,FAILED,FAILED,FAILED,FAILED,FAILED,FAILED,FAILED,FAILED,FAILED,FAILED,FAILED,FAILED,2849.66,FAILED,2849.66
synplicate_new-synplicate_complete_tree_arity2_feature_4_size_8_ms_0_25_0_erm.wcnf,FAILED,FAILED,FAILED,FAILED,FAILED,FAILED,FAILED,FAILED,FAILED,FAILED,FAILED,FAILED,FAILED,FAILED,FAILED,FAILED
synplicate_new-synplicate_complete_tree_arity2_feature_4_size_9_ms_0_25_0_erm.wcnf,FAILED,FAILED,FAILED,FAILED,FAILED,FAILED,FAILED,FAILED,FAILED,FAILED,FAILED,FAILED,FAILED,FAILED,FAILED,FAILED
synplicate_new-synplicate_complete_tree_arity3_feature_3_size_10_ms_0_25_0_erm.wcnf,FAILED,FAILED,FAILED,FAILED,FAILED,FAILED,FAILED,FAILED,FAILED,FAILED,FAILED,FAILED,FAILED,FAILED,FAILED,FAILED
synplicate_new-synplicate_complete_tree_arity3_feature_3_size_11_ms_0_25_0_erm.wcnf,FAILED,FAILED,FAILED,FAILED,FAILED,FAILED,FAILED,FAILED,FAILED,FAILED,FAILED,FAILED,FAILED,FAILED,FAILED,FAILED
synplicate_new-synplicate_complete_tree_arity3_feature_3_size_5_ms_0_25_0_erm.wcnf,FAILED,FAILED,FAILED,FAILED,FAILED,FAILED,FAILED,FAILED,FAILED,FAILED,FAILED,FAILED,2782.09,2011.05,FAILED,2011.05
synplicate_new-synplicate_complete_tree_arity3_feature_3_size_8_ms_0_25_0_erm.wcnf,FAILED,FAILED,FAILED,FAILED,FAILED,FAILED,FAILED,FAILED,FAILED,FAILED,FAILED,FAILED,FAILED,FAILED,FAILED,FAILED
synplicate_new-synplicate_complete_tree_arity3_feature_4_size_10_ms_0_25_0_erm.wcnf,FAILED,FAILED,FAILED,FAILED,FAILED,FAILED,FAILED,FAILED,FAILED,FAILED,FAILED,FAILED,FAILED,FAILED,FAILED,FAILED
synplicate_new-synplicate_complete_tree_arity3_feature_4_size_12_ms_0_25_0_erm.wcnf,FAILED,FAILED,FAILED,FAILED,FAILED,FAILED,FAILED,FAILED,FAILED,FAILED,FAILED,FAILED,FAILED,FAILED,FAILED,FAILED
synplicate_new-synplicate_complete_tree_arity3_feature_4_size_5_ms_0_25_0_erm.wcnf,FAILED,FAILED,FAILED,FAILED,FAILED,FAILED,FAILED,FAILED,FAILED,FAILED,FAILED,FAILED,FAILED,FAILED,FAILED,FAILED
synplicate_new-synplicate_complete_tree_arity3_feature_4_size_6_ms_0_25_0_erm.wcnf,FAILED,FAILED,FAILED,FAILED,FAILED,FAILED,FAILED,FAILED,FAILED,FAILED,FAILED,FAILED,FAILED,FAILED,FAILED,FAILED
synplicate_new-synplicate_complete_tree_arity5_feature_3_size_7_ms_0_25_0_erm.wcnf,FAILED,FAILED,FAILED,FAILED,FAILED,FAILED,FAILED,FAILED,FAILED,FAILED,FAILED,FAILED,FAILED,FAILED,FAILED,FAILED
synplicate_new-synplicate_synthetic_dag_run1_14_size_5_ms_0_25_0_erm.wcnf,FAILED,FAILED,FAILED,FAILED,FAILED,FAILED,FAILED,FAILED,FAILED,FAILED,FAILED,FAILED,FAILED,FAILED,FAILED,FAILED
synplicate_new-synplicate_synthetic_dag_run1_14_size_6_ms_0_25_0_erm.wcnf,FAILED,FAILED,FAILED,FAILED,FAILED,FAILED,FAILED,FAILED,FAILED,FAILED,FAILED,FAILED,FAILED,FAILED,FAILED,FAILED
synplicate_new-synplicate_synthetic_dag_run1_16_size_4_ms_0_25_0_erm.wcnf,FAILED,FAILED,FAILED,FAILED,FAILED,FAILED,FAILED,FAILED,FAILED,FAILED,FAILED,FAILED,FAILED,FAILED,FAILED,FAILED
synplicate_new-synplicate_synthetic_dag_run1_17_size_5_ms_0_25_0_erm.wcnf,FAILED,FAILED,FAILED,FAILED,FAILED,FAILED,FAILED,FAILED,FAILED,FAILED,FAILED,FAILED,FAILED,2753.1,FAILED,2753.1
synplicate_new-synplicate_synthetic_dag_run2_0_size_10_ms_26_50_0_erm.wcnf,FAILED,FAILED,FAILED,FAILED,FAILED,FAILED,FAILED,FAILED,FAILED,FAILED,FAILED,FAILED,FAILED,FAILED,FAILED,FAILED
synplicate_new-synplicate_synthetic_dag_run2_10_size_11_ms_26_50_0_erm.wcnf,FAILED,FAILED,FAILED,FAILED,FAILED,FAILED,FAILED,FAILED,FAILED,FAILED,FAILED,FAILED,FAILED,FAILED,FAILED,FAILED
synplicate_new-synplicate_synthetic_dag_run2_11_size_10_ms_26_50_0_erm.wcnf,3200.26,FAILED,FAILED,1975.28,FAILED,FAILED,1965.83,1964.59,FAILED,888.386,723.735,FAILED,FAILED,FAILED,FAILED,723.735
synplicate_new-synplicate_synthetic_dag_run2_12_size_8_ms_26_50_0_erm.wcnf,FAILED,FAILED,FAILED,FAILED,FAILED,FAILED,FAILED,FAILED,FAILED,FAILED,FAILED,FAILED,FAILED,FAILED,FAILED,FAILED
synplicate_new-synplicate_synthetic_dag_run2_13_size_11_ms_26_50_0_erm.wcnf,FAILED,FAILED,FAILED,FAILED,FAILED,FAILED,FAILED,FAILED,FAILED,FAILED,FAILED,FAILED,FAILED,FAILED,FAILED,FAILED
synplicate_new-synplicate_synthetic_dag_run2_16_size_9_ms_26_50_0_erm.wcnf,FAILED,FAILED,FAILED,FAILED,FAILED,FAILED,FAILED,FAILED,FAILED,FAILED,FAILED,FAILED,FAILED,FAILED,FAILED,FAILED
synplicate_new-synplicate_synthetic_dag_run2_17_size_10_ms_26_50_0_erm.wcnf,FAILED,FAILED,FAILED,FAILED,FAILED,FAILED,FAILED,FAILED,FAILED,FAILED,FAILED,FAILED,FAILED,FAILED,FAILED,FAILED
synplicate-AutoTaxi-run1-ms_0_80_0.9099099099099099_erm.wcnf,613.514,911.427,1268.46,595.681,602.813,902.888,594.724,597.636,576.939,81.3327,74.5477,156.021,9.0121,13.7891,1680.38,9.0121
synplicate-AutoTaxi-run2-ms_0_20_0.9429429429429429_erm.wcnf,600.544,1500.29,0.4362,405.495,601.226,902.882,408.64,408.114,1.4505,0.4333,0.4378,3.6974,1.1329,5.4653,3.0352,0.4333
synplicate-AutoTaxi-run2-ms_0_50_0.9429429429429429_erm.wcnf,601.583,901.617,2.1729,588.375,602.398,903.397,590.93,592.928,13.1258,5.6479,3.3324,27.8626,5.3414,13.1847,1207.79,2.1729
synplicate-AutoTaxi-run2-ms_0_59_0.9429429429429429_erm.wcnf,602.795,902.834,4.8034,592.015,604.617,902.87,594.132,594.932,14.3419,3.3901,4.0332,42.5201,6.1914,11.7451,1486.92,3.3901
synplicate-AutoTaxi-run3-ms_0_80_0.89_erm.wcnf,602.889,2102.7,9.9925,424.976,603.295,903.272,428.416,424.653,28.8026,23.5591,11.5297,6.2344,2.463,6.3437,112.303,2.463
synplicate-AutoTaxi-run3-ms_0_86_0.85_erm.wcnf,1164.15,2704.31,11.9639,444.759,606.545,906.424,446.631,440.171,35.8939,15.7842,11.5657,12.0595,3.5693,7.1773,339.144,3.5693
synplicate-AutoTaxi-run4-ms_0_60_0.9569230769230769_erm.wcnf,647.908,955.79,137.499,638.7,634.892,934.804,616.593,626.668,38.6571,408.007,72.0465,74.6936,29.9303,35.4771,FAILED,29.9303
synplicate-BankLoan-run3-ms_0_71_0.8465753424657534_erm.wcnf,645.94,945.542,279.246,592.872,605.669,903.301,591.267,594.492,38.3827,245.407,4.3679,46.323,8.2342,10.3523,FAILED,4.3679
synplicate-BankLoan-run4-ms_0_59_0.9325657894736842_erm.wcnf,612.373,913.634,7.2696,594.031,605.295,909.96,590.975,591.669,23.0329,3.5743,3.5961,45.0775,11.2351,12.0465,177.195,3.5743
synplicate-TheoremProver-run1-ms_0_92_0.8272727272727273_erm.wcnf,112.638,112.916,0.1468,404.745,382.321,380.788,336.111,306.227,1.4121,0.3015,0.2547,0.6809,0.1733,4.871,0.7401,0.1468
synplicate-TheoremProver-run2-ms_0_35_0.8962025316455696_erm.wcnf,1200.59,1500.54,1.0372,413.21,602.214,901.611,413.062,416.545,3.944,1.438,1.2933,2.4816,1.202,5.6559,2752.99,1.0372
synplicate-TheoremProver-run2-ms_0_47_0.8962025316455696_erm.wcnf,600.991,900.968,3.4786,427.353,611.652,911.665,430.055,430.003,15.0865,1.7665,2.3359,2.846,1.1945,5.5589,2422.83,1.1945
synplicate-TheoremProver-run2-ms_0_68_0.8658227848101265_erm.wcnf,1201.81,2702.16,7.88,437.992,614.693,915.111,437.443,438.037,8.9109,1.7034,1.7576,2.3408,0.8915,5.4305,543.675,0.8915
synplicate-TheoremProver-run3-ms_0_53_0.8771653543307086_erm.wcnf,601.625,901.878,5.6716,442.456,606.651,905.569,442.493,442.427,12.4493,2.0255,2.7593,5.5502,1.4791,5.5576,1588.16,1.4791
synplicate-TheoremProver-run3-ms_0_74_0.8488188976377953_erm.wcnf,1369.1,1669.19,5.372,557.695,1803.85,1503.24,539.129,537.863,7.5226,1.4744,2.2213,8.212,1.657,5.9494,198.347,1.4744
tcp_wt-tcp_students_112_it_10.wcnf,637.071,937.266,4.7858,150.735,13.8843,13.8349,152.293,149.687,21.2505,5.9484,8.9028,46.7396,12.2224,17.759,191.346,4.7858
tcp_wt-tcp_students_112_it_13.wcnf,FAILED,FAILED,FAILED,FAILED,FAILED,FAILED,FAILED,FAILED,FAILED,FAILED,FAILED,FAILED,FAILED,FAILED,FAILED,FAILED
tcp_wt-tcp_students_112_it_14.wcnf,1371.1,1401.54,0.6804,10.6044,2.4448,2.4531,13.972,18.0992,2.4489,1.0408,1.1162,3.4829,2.1478,5.4409,2.8067,0.6804
tcp_wt-tcp_students_112_it_5.wcnf,1778.53,2079.79,1721.48,833.099,843.457,845.105,953.275,915.164,455.828,1777.85,3099.11,530.693,642.514,239.515,FAILED,239.515
tcp_wt-tcp_students_112_it_7.wcnf,2433.35,2733.58,4.9798,113.909,13.8377,13.8398,99.7563,144.089,17.8468,10.2147,11.004,27.79,14.5646,24.366,118.487,4.9798
tcp_wt-tcp_students_112_it_8.wcnf,87.0578,87.3358,0.8114,13.439,2.645,2.6472,15.5123,17.9593,2.0641,0.8214,1.4435,4.6417,2.329,6.8471,2.1161,0.8114
tcp_wt-tcp_students_91_it_11.wcnf,1056.98,1061.16,1.6916,30.408,4.1873,4.2041,53.5526,79.8415,9.7832,2.5722,3.1751,7.0429,5.0118,7.0661,16.8529,1.6916
tcp_wt-tcp_students_91_it_13.wcnf,1414.45,1630.14,306.161,1021.05,1047.82,1061.85,1035.26,1358.44,498.792,638.323,351.356,713.844,812.076,630.163,FAILED,306.161
tcp_wt-tcp_students_91_it_14.wcnf,673.656,973.733,4.5921,160.926,94.5586,94.2991,84.4028,147.427,15.9159,10.2897,10.762,63.4947,9.6675,15.0524,122.724,4.5921
tcp_wt-tcp_students_91_it_6.wcnf,602.393,1234.44,0.7111,14.0213,3.432,3.408,17.2438,19.7012,2.8673,0.8625,1.3651,4.3176,1.4091,6.3302,6.1907,0.7111
tcp_wt-tcp_students_91_it_8.wcnf,12.1187,12.1766,0.3154,9.1113,0.8362,0.8364,7.9847,11.132,0.1064,0.4061,0.407,1.4193,0.5931,5.5021,0.7178,0.1064
tcp_wt-tcp_students_98_it_11.wcnf,FAILED,FAILED,1869.48,2133.3,FAILED,FAILED,1564.15,1915.96,981.345,FAILED,FAILED,FAILED,3270.04,FAILED,FAILED,981.345
tcp_wt-tcp_students_98_it_12.wcnf,1898.61,2202.83,5.2653,66.7824,30.3984,30.4405,71.2973,74.3434,22.6183,9.102,8.8447,44.6389,26.9089,21.4796,111.83,5.2653
tcp_wt-tcp_students_98_it_7.wcnf,602.04,902.01,1.6014,19.9001,3.8752,3.8852,22.2987,23.5231,10.1032,2.3082,2.3874,15.9953,5.006,11.8746,7.0486,1.6014
tcp_wt-tcp_students_98_it_8.wcnf,611.677,912.006,1.7543,22.4014,18.6385,18.613,32.6364,25.4644,10.7424,2.8602,3.9115,5.2555,3.9548,8.3336,7.2808,1.7543
timetabling_wt-comp02.wcnf,2070.91,2423.23,2415.01,830.18,589.131,588.337,1152.41,1157.08,304.786,1150.83,2985.16,FAILED,566.22,466.205,FAILED,304.786
timetabling_wt-comp04.lp.sm-extracted.wcnf,694.656,927.785,21.9962,398.482,141.907,142.077,462.834,462.774,182.577,172.879,167.407,1135.22,905.48,1117.97,FAILED,21.9962
timetabling_wt-comp06.wcnf,87.1367,68.8905,50.2086,357.802,111.383,111.624,520.632,529.503,58.2043,75.6275,86.6553,FAILED,405.227,379.407,FAILED,50.2086
timetabling_wt-comp07.lp.sm-extracted.wcnf,605.186,688.894,313.644,610.061,409.441,409.489,1158.99,1162.23,1350.87,FAILED,FAILED,181.852,FAILED,FAILED,FAILED,181.852
timetabling_wt-comp07.wcnf,322.268,320.896,145.653,247.118,133.305,134.153,477.822,477.534,248.198,FAILED,FAILED,333.25,1181.1,1933.99,FAILED,133.305
timetabling_wt-comp09.wcnf,FAILED,FAILED,FAILED,FAILED,FAILED,FAILED,FAILED,FAILED,FAILED,FAILED,FAILED,FAILED,FAILED,FAILED,FAILED,FAILED
timetabling_wt-comp10.wcnf,46.6999,46.7893,36.5362,180.374,13.0589,13.0371,379.475,317.736,43.092,68.2277,66.5392,251.379,221.788,368.701,2455.93,13.0371
timetabling_wt-comp14.wcnf,619.223,919.077,22.3772,162.51,28.561,28.4957,404.395,338.767,16.5731,11.1284,10.0748,1141.85,46.8286,72.182,175.912,10.0748
timetabling_wt-comp16.wcnf,45.0447,39.9611,35.1766,127.397,38.083,38.2729,315.101,310.047,19.1335,13.0591,15.0968,166.175,85.2942,158.582,903.778,13.0591
timetabling_wt-comp19.wcnf,689.294,1001.31,82.5704,368.489,306.126,304.268,596.331,498.514,173.58,166.042,25.9725,2301.04,58.3278,76.5978,FAILED,25.9725
timetabling_wt-comp21.wcnf,FAILED,FAILED,FAILED,1451.02,2142.95,2048.88,3596.8,1200.2,FAILED,FAILED,FAILED,FAILED,2092.05,2513.43,FAILED,1200.2
timetabling_wt-EA12.lp.sm-extracted.wcnf,608.838,926.463,24.6725,223.748,96.8563,96.6292,206.736,210.363,100.227,104.846,104.064,63.51,66.4103,168.901,894.756,24.6725
timetabling_wt-test4.wcnf,FAILED,FAILED,FAILED,FAILED,FAILED,FAILED,FAILED,FAILED,FAILED,FAILED,FAILED,FAILED,FAILED,FAILED,FAILED,FAILED
upgradeability_wt-mancoosi-test-i1000d0u98-2.wcnf,0.94,1.0229,0.321,186.5,1.1363,1.1398,193.151,193.108,1.9208,0.5747,0.5676,1.1865,1.0825,5.8105,41.4779,0.321
upgradeability_wt-mancoosi-test-i10d0u98-0.wcnf,0.8181,0.8273,0.315,183.439,1.019,1.0209,189.718,189.687,0.2816,0.2454,0.2459,0.1687,0.3878,1.3696,0.4485,0.1687
upgradeability_wt-mancoosi-test-i10d0u98-16.wcnf,0.8212,0.8226,0.3088,183.425,1.0299,1.0279,189.715,189.764,0.3905,0.3069,0.2853,0.1658,0.4097,1.3648,0.4461,0.1658
upgradeability_wt-mancoosi-test-i10d0u98-9.wcnf,0.823,0.8315,0.3059,183.405,1.0213,1.0215,190.307,190.408,0.2943,0.2847,0.2881,0.1835,0.3863,1.3737,0.4497,0.1835
upgradeability_wt-mancoosi-test-i20d0u98-0.wcnf,0.9303,0.8257,0.325,184.216,1.028,1.0295,184.141,190.792,0.3638,0.3628,0.3635,0.161,0.3712,1.3648,0.5471,0.161
upgradeability_wt-mancoosi-test-i3000d0u98-73.wcnf,1.0045,1.0103,0.3403,188.968,1.2248,1.2244,195.891,195.866,2.3084,0.6776,0.6818,1.5051,7.8084,4.7391,23.6476,0.3403
upgradeability_wt-mancoosi-test-i4000d0u98-84.wcnf,1.0232,1.021,0.3508,192.065,1.2302,1.2425,199.735,199.793,2.5231,0.7701,0.7602,1.5239,FAILED,4.9473,28.7939,0.3508
upgradeability_wt-mancoosi-test-i4000d0u98-92.wcnf,1.0393,1.0425,0.3506,191.458,1.3525,1.351,198.619,198.481,2.4428,0.8507,0.8546,1.632,142.319,5.8989,18.8408,0.3506
upgradeability_wt-mancoosi-test-i4000d0u98-93.wcnf,1.8782,1.8865,0.3708,192.505,1.2221,1.2442,199.23,198.993,2.2903,0.6693,0.6635,2.1701,65.0341,5.9181,18.342,0.3708
upgradeability_wt-mancoosi-test-i4000d0u98-94.wcnf,1.1143,1.1063,0.3468,192.45,1.2078,1.2087,200.098,200.103,2.3689,0.7758,0.8017,0.6257,780.336,40.7367,29.5033,0.3468
upgradeability_wt-mancoosi-test-i40d0u98-7.wcnf,0.9629,0.8409,0.3701,184.234,1.0322,1.0362,190.287,190.697,0.3905,0.3606,0.3722,0.1789,0.3984,2.6345,0.5309,0.1789
upgradeability_wt-rand196_l2.wcnf,4.6514,4.6966,3.799,186.731,9.4675,9.4117,194.373,197.498,12.132,6.7406,9.9509,219.964,FAILED,FAILED,FAILED,3.799
upgradeability_wt-rand30_l1.wcnf,1.6385,1.8068,0.5861,182.035,1.8201,1.8221,182.778,182.582,0.4775,0.8325,1.2128,12.519,859.485,FAILED,FAILED,0.4775
upgradeability_wt-rand653_l2.wcnf,0.7113,0.843,0.8374,175.784,2.2862,2.2921,179.124,186.402,5.4247,1.3399,2.1355,94.3638,2834.22,296.278,FAILED,0.7113
upgradeability_wt-rand717_l2.wcnf,5.8814,4.9343,4.493,190.83,9.4103,9.4904,199.324,199.22,9.7654,6.2093,8.4701,236.781,FAILED,FAILED,FAILED,4.493
warehouses_wt-cap131.wcsp.wcnf,2.1692,2.128,405.563,175.794,2.1408,2.1329,182.409,182.445,960.596,9.1726,9.1753,204.888,FAILED,FAILED,FAILED,2.128
warehouses_wt-cap132.wcsp.wcnf,2.2694,2.1387,406.629,182.139,2.1347,2.1695,182.423,182.455,1094.63,13.3611,13.2904,188.919,FAILED,FAILED,FAILED,2.1347
warehouses_wt-cap71.wcsp.wcnf,0.5996,0.5681,0.8645,180.598,0.614,0.6139,178.888,180.642,702.642,0.3468,0.3506,102.194,184.908,FAILED,1483,0.3468
warehouses_wt-cap72.wcsp.wcnf,0.5643,0.5807,1.4716,178.335,0.6209,0.6217,180.638,180.655,1325.5,0.4258,0.4252,128.745,199.213,FAILED,FAILED,0.4252
warehouses_wt-cap91.wcsp.wcnf,0.9367,0.9412,1.3849,181.001,1.0046,1.8867,173.769,181.054,1272,1.1117,1.1175,71.7122,893.194,FAILED,FAILED,0.9367
warehouses_wt-cap92.wcsp.wcnf,0.9449,1.8903,2.6711,181.063,0.9989,1.0151,181.051,181.044,1308.99,1.3871,1.3716,109.474,2033.77,FAILED,FAILED,0.9449
warehouses_wt-warehouse0.wcsp.wcnf,0.0166,0.0161,0.0077,0.0218,0.0179,0.0179,0.023,0.0231,0.0142,0.0034,0.0038,2.3831,0.0596,2.4329,0.011,0.0034
warehouses_wt-warehouse1.wcsp.wcnf,0.2191,0.2024,4.5075,180.15,0.2668,0.2647,180.259,180.27,119.585,0.1608,0.1568,3.2477,5.5578,80.0155,18.3819,0.1568
